"iteration","cell_type","subcluster","module","module_size","significant","p_value","term_size","query_size","intersection_size","precision","recall","term_id","source","term_name","effective_domain_size","source_order","parents"
"T0","Astrocytes","15","black",261,TRUE,0.00134260155751699,344,229,17,0.074235807860262,0.0494186046511628,"GO:0030424","GO:CC","axon",16860,932,"GO:0043005"
"T0","Astrocytes","15","black",261,TRUE,0.00529769729213834,50,116,6,0.0517241379310345,0.12,"KEGG:05110","KEGG","Vibrio cholerae infection",8484,424,"KEGG:00000"
"T0","Astrocytes","15","black",261,TRUE,0.00829874190721569,13667,229,208,0.908296943231441,0.0152191409965611,"GO:0005622","GO:CC","intracellular anatomical structure",16860,237,"GO:0110165"
"T0","Astrocytes","15","black",261,TRUE,0.0259858073126269,1370,229,36,0.157205240174672,0.0262773722627737,"GO:0005794","GO:CC","Golgi apparatus",16860,358,"GO:0005737, GO:0012505, GO:0043231"
"T0","Astrocytes","15","black",261,TRUE,0.0281866230964556,5231,229,98,0.427947598253275,0.0187344675970178,"GO:0005829","GO:CC","cytosol",16860,380,"GO:0005737, GO:0110165"
"T0","Astrocytes","15","black",261,TRUE,0.031752666723938,12730,229,196,0.85589519650655,0.0153967007069914,"GO:0043226","GO:CC","organelle",16860,1878,"GO:0110165"
"T0","Astrocytes","15","black",261,TRUE,0.0350133193991826,70,116,6,0.0517241379310345,0.0857142857142857,"KEGG:05120","KEGG","Epithelial cell signaling in Helicobacter pylori infection",8484,426,"KEGG:00000"
"T0","Astrocytes","15","black",261,TRUE,0.0467119359620946,1411,229,36,0.157205240174672,0.0255138199858257,"GO:0030054","GO:CC","cell junction",16860,868,"GO:0110165"
"T0","Astrocytes","15","blue",443,TRUE,6.74473293335427e-05,140,195,15,0.0769230769230769,0.107142857142857,"KEGG:04120","KEGG","Ubiquitin mediated proteolysis",8484,270,"KEGG:00000"
"T0","Astrocytes","15","blue",443,TRUE,8.74293403964699e-05,10755,376,285,0.757978723404255,0.0264993026499303,"GO:0005737","GO:CC","cytoplasm",16860,309,"GO:0005622, GO:0110165"
"T0","Astrocytes","15","blue",443,TRUE,9.27270722083097e-05,13667,376,340,0.904255319148936,0.0248774420136094,"GO:0005622","GO:CC","intracellular anatomical structure",16860,237,"GO:0110165"
"T0","Astrocytes","15","blue",443,TRUE,0.00058142762032339,1802,378,70,0.185185185185185,0.0388457269700333,"GO:0019899","GO:MF","enzyme binding",17314,3728,"GO:0005515"
"T0","Astrocytes","15","blue",443,TRUE,0.00667288454600761,601,355,32,0.0901408450704225,0.0532445923460899,"GO:0016567","GO:BP","protein ubiquitination",16178,5317,"GO:0032446"
"T0","Astrocytes","15","blue",443,TRUE,0.0081792396642468,2419,355,85,0.23943661971831,0.0351384869780901,"GO:0036211","GO:BP","protein modification process",16178,9821,"GO:0019538, GO:0043412"
"T0","Astrocytes","15","blue",443,TRUE,0.0106907806375252,34,195,6,0.0307692307692308,0.176470588235294,"KEGG:04710","KEGG","Circadian rhythm",8484,345,"KEGG:00000"
"T0","Astrocytes","15","blue",443,TRUE,0.0174478023719127,39,262,7,0.0267175572519084,0.179487179487179,"REAC:R-HSA-9013420","REAC","RHOU GTPase cycle",10842,1823,"REAC:R-HSA-9012999"
"T0","Astrocytes","15","blue",443,TRUE,0.0203675523189409,131,195,11,0.0564102564102564,0.083969465648855,"KEGG:04114","KEGG","Oocyte meiosis",8484,268,"KEGG:00000"
"T0","Astrocytes","15","blue",443,TRUE,0.0264453605955154,5231,376,151,0.401595744680851,0.0288663735423437,"GO:0005829","GO:CC","cytosol",16860,380,"GO:0005737, GO:0110165"
"T0","Astrocytes","15","blue",443,TRUE,0.0304778393713576,678,355,33,0.0929577464788732,0.0486725663716814,"GO:0032446","GO:BP","protein modification by small protein conjugation",16178,7840,"GO:0070647"
"T0","Astrocytes","15","blue",443,TRUE,0.0326811420292546,805,355,37,0.104225352112676,0.0459627329192547,"GO:0043687","GO:BP","post-translational protein modification",16178,11196,"GO:0036211"
"T0","Astrocytes","15","blue",443,TRUE,0.033661059145411,43,262,7,0.0267175572519084,0.162790697674419,"REAC:R-HSA-9696270","REAC","RND2 GTPase cycle",10842,1855,"REAC:R-HSA-9012999"
"T0","Astrocytes","15","blue",443,TRUE,0.0358827465718283,1731,355,64,0.180281690140845,0.0369728480647025,"GO:1901575","GO:BP","organic substance catabolic process",16178,22105,"GO:0009056, GO:0071704"
"T0","Astrocytes","15","blue",443,TRUE,0.0428799435148676,449,262,25,0.0954198473282443,0.0556792873051225,"REAC:R-HSA-9012999","REAC","RHO GTPase cycle",10842,1796,"REAC:R-HSA-194315"
"T0","Astrocytes","15","blue",443,TRUE,0.0480387672079133,756,355,35,0.0985915492957746,0.0462962962962963,"GO:0070647","GO:BP","protein modification by small protein conjugation or removal",16178,16727,"GO:0043687"
"T0","Astrocytes","15","brown",377,TRUE,2.51253643311086e-06,13667,307,284,0.925081433224756,0.0207799809760738,"GO:0005622","GO:CC","intracellular anatomical structure",16860,237,"GO:0110165"
"T0","Astrocytes","15","brown",377,TRUE,9.8260234119463e-05,12730,307,267,0.86970684039088,0.0209740769835035,"GO:0043226","GO:CC","organelle",16860,1878,"GO:0110165"
"T0","Astrocytes","15","brown",377,TRUE,0.00015854205814806,11912,307,254,0.827361563517915,0.0213230355943586,"GO:0043229","GO:CC","intracellular organelle",16860,1881,"GO:0005622, GO:0043226"
"T0","Astrocytes","15","brown",377,TRUE,0.00019639797094977,742,307,34,0.110749185667752,0.045822102425876,"GO:0005815","GO:CC","microtubule organizing center",16860,368,"GO:0015630, GO:0110165"
"T0","Astrocytes","15","brown",377,TRUE,0.00026072742358893,825,294,38,0.129251700680272,0.0460606060606061,"GO:0007017","GO:BP","microtubule-based process",16178,2656,"GO:0009987"
"T0","Astrocytes","15","brown",377,TRUE,0.00082197496699039,617,307,29,0.0944625407166124,0.0470016207455429,"GO:0005813","GO:CC","centrosome",16860,366,"GO:0005815"
"T0","Astrocytes","15","brown",377,TRUE,0.00368305406071088,1196,307,43,0.140065146579805,0.0359531772575251,"GO:0015630","GO:CC","microtubule cytoskeleton",16860,708,"GO:0005856"
"T0","Astrocytes","15","brown",377,TRUE,0.00443881893482257,10872,307,232,0.755700325732899,0.0213392200147167,"GO:0043231","GO:CC","intracellular membrane-bounded organelle",16860,1883,"GO:0043227, GO:0043229"
"T0","Astrocytes","15","brown",377,TRUE,0.00462290133952753,11983,307,250,0.814332247557003,0.0208628890928816,"GO:0043227","GO:CC","membrane-bounded organelle",16860,1879,"GO:0043226"
"T0","Astrocytes","15","brown",377,TRUE,0.00566880194728673,581,294,28,0.0952380952380952,0.0481927710843374,"GO:0000226","GO:BP","microtubule cytoskeleton organization",16178,62,"GO:0007010, GO:0007017"
"T0","Astrocytes","15","brown",377,TRUE,0.016076169164793,4111,307,105,0.342019543973941,0.0255412308440769,"GO:0005654","GO:CC","nucleoplasm",16860,252,"GO:0031981, GO:0110165"
"T0","Astrocytes","15","brown",377,TRUE,0.0302122904858864,6,307,3,0.00977198697068404,0.5,"GO:0030289","GO:CC","protein phosphatase 4 complex",16860,926,"GO:0008287"
"T0","Astrocytes","15","brown",377,TRUE,0.0347066731091258,1658,307,51,0.166123778501629,0.0307599517490953,"GO:1902494","GO:CC","catalytic complex",16860,3635,"GO:0032991"
"T0","Astrocytes","15","brown",377,TRUE,0.0378317263224506,184,307,12,0.0390879478827362,0.0652173913043478,"GO:0101002","GO:CC","ficolin-1-rich granule",16860,3383,"GO:0030141"
"T0","Astrocytes","15","green",268,TRUE,0.00658469973417252,13667,224,204,0.910714285714286,0.0149264652081657,"GO:0005622","GO:CC","intracellular anatomical structure",16860,237,"GO:0110165"
"T0","Astrocytes","15","green",268,TRUE,0.0132743096206292,1568,214,42,0.196261682242991,0.0267857142857143,"GO:0051649","GO:BP","establishment of localization in cell",16178,14317,"GO:0051234, GO:0051641"
"T0","Astrocytes","15","green",268,TRUE,0.0205324727231747,4791,214,93,0.434579439252336,0.0194113963681904,"GO:0051171","GO:BP","regulation of nitrogen compound metabolic process",16178,13995,"GO:0006807, GO:0019222"
"T0","Astrocytes","15","green",268,TRUE,0.0266844376694846,1782,214,45,0.210280373831776,0.0252525252525253,"GO:0051246","GO:BP","regulation of protein metabolic process",16178,14041,"GO:0019538, GO:0051171, GO:0060255, GO:0080090"
"T0","Astrocytes","15","green",268,TRUE,0.0326902636243201,4410,224,84,0.375,0.019047619047619,"GO:0031981","GO:CC","nuclear lumen",16860,1227,"GO:0005634, GO:0070013"
"T0","Astrocytes","15","green",268,TRUE,0.0327186807546411,4911,214,94,0.439252336448598,0.0191407045408267,"GO:0080090","GO:BP","regulation of primary metabolic process",16178,18320,"GO:0019222, GO:0044238"
"T0","Astrocytes","15","green",268,TRUE,0.0349710577765496,141,214,10,0.0467289719626168,0.0709219858156028,"GO:0042593","GO:BP","glucose homeostasis",16178,10602,"GO:0033500"
"T0","Astrocytes","15","green",268,TRUE,0.0395327535906803,143,214,10,0.0467289719626168,0.0699300699300699,"GO:0033500","GO:BP","carbohydrate homeostasis",16178,8524,"GO:0048878"
"T0","Astrocytes","15","green",268,TRUE,0.0395327535906803,143,214,10,0.0467289719626168,0.0699300699300699,"GO:0071383","GO:BP","cellular response to steroid hormone stimulus",16178,17135,"GO:0032870, GO:0048545, GO:0071396, GO:0071407"
"T0","Astrocytes","15","green",268,TRUE,0.0444817234064356,4111,224,79,0.352678571428571,0.0192167355874483,"GO:0005654","GO:CC","nucleoplasm",16860,252,"GO:0031981, GO:0110165"
"T0","Astrocytes","15","green",268,TRUE,0.0457254017762889,5297,214,99,0.462616822429907,0.018689824428922,"GO:0060255","GO:BP","regulation of macromolecule metabolic process",16178,14938,"GO:0019222, GO:0043170"
"T0","Astrocytes","15","green",268,TRUE,0.0484123390380526,117,214,9,0.0420560747663551,0.0769230769230769,"GO:0030073","GO:BP","insulin secretion",16178,6910,"GO:0009306, GO:0030072"
"T0","Astrocytes","15","greenyellow",1768,TRUE,1.40679712847612e-18,10872,1500,1129,0.752666666666667,0.103844738778514,"GO:0043231","GO:CC","intracellular membrane-bounded organelle",16860,1883,"GO:0043227, GO:0043229"
"T0","Astrocytes","15","greenyellow",1768,TRUE,4.58690173112687e-18,12730,1500,1273,0.848666666666667,0.1,"GO:0043226","GO:CC","organelle",16860,1878,"GO:0110165"
"T0","Astrocytes","15","greenyellow",1768,TRUE,4.67770467175318e-18,11912,1500,1210,0.806666666666667,0.101578240429819,"GO:0043229","GO:CC","intracellular organelle",16860,1881,"GO:0005622, GO:0043226"
"T0","Astrocytes","15","greenyellow",1768,TRUE,6.54079037651822e-18,11983,1500,1215,0.81,0.101393640991404,"GO:0043227","GO:CC","membrane-bounded organelle",16860,1879,"GO:0043226"
"T0","Astrocytes","15","greenyellow",1768,TRUE,9.07772482629923e-18,13667,1500,1341,0.894,0.0981195580595595,"GO:0005622","GO:CC","intracellular anatomical structure",16860,237,"GO:0110165"
"T0","Astrocytes","15","greenyellow",1768,TRUE,3.55305278017247e-17,5468,1500,646,0.430666666666667,0.118141916605706,"GO:0070013","GO:CC","intracellular organelle lumen",16860,2399,"GO:0043229, GO:0043233"
"T0","Astrocytes","15","greenyellow",1768,TRUE,3.55305278017247e-17,5468,1500,646,0.430666666666667,0.118141916605706,"GO:0043233","GO:CC","organelle lumen",16860,1885,"GO:0031974, GO:0043226"
"T0","Astrocytes","15","greenyellow",1768,TRUE,3.55305278017247e-17,5468,1500,646,0.430666666666667,0.118141916605706,"GO:0031974","GO:CC","membrane-enclosed lumen",16860,1221,"GO:0110165"
"T0","Astrocytes","15","greenyellow",1768,TRUE,3.70509766284361e-14,4410,1500,530,0.353333333333333,0.120181405895692,"GO:0031981","GO:CC","nuclear lumen",16860,1227,"GO:0005634, GO:0070013"
"T0","Astrocytes","15","greenyellow",1768,TRUE,1.0256187862467e-13,5231,1500,607,0.404666666666667,0.116038998279488,"GO:0005829","GO:CC","cytosol",16860,380,"GO:0005737, GO:0110165"
"T0","Astrocytes","15","greenyellow",1768,TRUE,9.62918871221735e-13,1506,1532,223,0.14556135770235,0.148074369189907,"GO:0003723","GO:MF","RNA binding",17314,346,"GO:0003676"
"T0","Astrocytes","15","greenyellow",1768,TRUE,9.37438594291075e-12,4111,1500,489,0.326,0.118949160788129,"GO:0005654","GO:CC","nucleoplasm",16860,252,"GO:0031981, GO:0110165"
"T0","Astrocytes","15","greenyellow",1768,TRUE,1.71301209404405e-11,10755,1500,1087,0.724666666666667,0.101069270106927,"GO:0005737","GO:CC","cytoplasm",16860,309,"GO:0005622, GO:0110165"
"T0","Astrocytes","15","greenyellow",1768,TRUE,3.09575103885327e-11,9757,1430,995,0.695804195804196,0.1019780670288,"GO:0008152","GO:BP","metabolic process",16178,3159,"GO:0008150"
"T0","Astrocytes","15","greenyellow",1768,TRUE,5.60791943892811e-10,2145,1430,283,0.197902097902098,0.131934731934732,"GO:0009056","GO:BP","catabolic process",16178,3269,"GO:0008152"
"T0","Astrocytes","15","greenyellow",1768,TRUE,6.95120801340657e-10,1658,1500,229,0.152666666666667,0.138118214716526,"GO:1902494","GO:CC","catalytic complex",16860,3635,"GO:0032991"
"T0","Astrocytes","15","greenyellow",1768,TRUE,7.13754121600852e-10,8726,1430,900,0.629370629370629,0.103140041256017,"GO:0044238","GO:BP","primary metabolic process",16178,11300,"GO:0008152"
"T0","Astrocytes","15","greenyellow",1768,TRUE,1.08290160964616e-08,1168,1430,172,0.12027972027972,0.147260273972603,"GO:0009057","GO:BP","macromolecule catabolic process",16178,3270,"GO:0043170, GO:1901575"
"T0","Astrocytes","15","greenyellow",1768,TRUE,1.12413496041591e-08,561,1430,100,0.0699300699300699,0.17825311942959,"GO:0043632","GO:BP","modification-dependent macromolecule catabolic process",16178,11169,"GO:0009057"
"T0","Astrocytes","15","greenyellow",1768,TRUE,1.61133938951836e-08,8309,1430,856,0.598601398601399,0.103020820796726,"GO:0006807","GO:BP","nitrogen compound metabolic process",16178,2516,"GO:0008152"
"T0","Astrocytes","15","greenyellow",1768,TRUE,1.94741995925138e-08,7881,1430,818,0.572027972027972,0.10379393477985,"GO:0043170","GO:BP","macromolecule metabolic process",16178,10919,"GO:0071704"
"T0","Astrocytes","15","greenyellow",1768,TRUE,2.03425251155144e-08,5725,1500,624,0.416,0.108995633187773,"GO:0032991","GO:CC","protein-containing complex",16860,1340,"GO:0005575"
"T0","Astrocytes","15","greenyellow",1768,TRUE,2.60152096453383e-08,6709,1500,714,0.476,0.106424206290058,"GO:0005634","GO:CC","nucleus",16860,243,"GO:0043231"
"T0","Astrocytes","15","greenyellow",1768,TRUE,3.19222528935964e-08,1192,1430,173,0.120979020979021,0.145134228187919,"GO:0046907","GO:BP","intracellular transport",16178,12847,"GO:0006810, GO:0051641, GO:0051649"
"T0","Astrocytes","15","greenyellow",1768,TRUE,4.53311209103422e-08,9325,1430,941,0.658041958041958,0.100911528150134,"GO:0071704","GO:BP","organic substance metabolic process",16178,17374,"GO:0008152"
"T0","Astrocytes","15","greenyellow",1768,TRUE,5.15967201290699e-08,4904,1532,544,0.35509138381201,0.110929853181077,"GO:0003824","GO:MF","catalytic activity",17314,368,"GO:0003674"
"T0","Astrocytes","15","greenyellow",1768,TRUE,1.68778923976242e-07,669,1430,110,0.0769230769230769,0.164424514200299,"GO:0051603","GO:BP","proteolysis involved in protein catabolic process",16178,14275,"GO:0006508, GO:0030163"
"T0","Astrocytes","15","greenyellow",1768,TRUE,1.77436265427087e-07,612,1430,103,0.072027972027972,0.168300653594771,"GO:0016071","GO:BP","mRNA metabolic process",16178,5159,"GO:0016070"
"T0","Astrocytes","15","greenyellow",1768,TRUE,2.34481085312671e-07,542,1430,94,0.0657342657342657,0.173431734317343,"GO:0006511","GO:BP","ubiquitin-dependent protein catabolic process",16178,2261,"GO:0019941"
"T0","Astrocytes","15","greenyellow",1768,TRUE,5.26791176243712e-07,550,1430,94,0.0657342657342657,0.170909090909091,"GO:0019941","GO:BP","modification-dependent protein catabolic process",16178,6301,"GO:0043632, GO:0051603"
"T0","Astrocytes","15","greenyellow",1768,TRUE,9.94329309643439e-07,1568,1430,208,0.145454545454545,0.13265306122449,"GO:0051649","GO:BP","establishment of localization in cell",16178,14317,"GO:0051234, GO:0051641"
"T0","Astrocytes","15","greenyellow",1768,TRUE,1.15602170452661e-06,13965,1532,1320,0.861618798955614,0.0945220193340494,"GO:0005515","GO:MF","protein binding",17314,1492,"GO:0005488"
"T0","Astrocytes","15","greenyellow",1768,TRUE,1.44416746910479e-06,363,1430,69,0.0482517482517483,0.190082644628099,"GO:0043161","GO:BP","proteasome-mediated ubiquitin-dependent protein catabolic process",16178,10914,"GO:0006511, GO:0010498"
"T0","Astrocytes","15","greenyellow",1768,TRUE,3.58790036960165e-06,4010,1430,449,0.313986013986014,0.111970074812968,"GO:0019538","GO:BP","protein metabolic process",16178,6075,"GO:0043170, GO:0044238, GO:1901564"
"T0","Astrocytes","15","greenyellow",1768,TRUE,4.99772693575548e-06,1731,1430,222,0.155244755244755,0.128249566724437,"GO:1901575","GO:BP","organic substance catabolic process",16178,22105,"GO:0009056, GO:0071704"
"T0","Astrocytes","15","greenyellow",1768,TRUE,6.05697624957625e-06,877,1500,127,0.0846666666666667,0.144811858608894,"GO:0140535","GO:CC","intracellular protein-containing complex",16860,3560,"GO:0032991"
"T0","Astrocytes","15","greenyellow",1768,TRUE,6.70446686143406e-06,8651,1430,869,0.607692307692308,0.10045081493469,"GO:0044237","GO:BP","cellular metabolic process",16178,11299,"GO:0008152, GO:0009987"
"T0","Astrocytes","15","greenyellow",1768,TRUE,7.5313581240459e-06,2069,1532,254,0.16579634464752,0.122764620589657,"GO:0140096","GO:MF","catalytic activity, acting on a protein",17314,10409,"GO:0003824"
"T0","Astrocytes","15","greenyellow",1768,TRUE,1.05321238600563e-05,848,1430,125,0.0874125874125874,0.147405660377358,"GO:0030163","GO:BP","protein catabolic process",16178,6928,"GO:0009057, GO:0019538, GO:1901565"
"T0","Astrocytes","15","greenyellow",1768,TRUE,1.13680446583985e-05,842,1500,122,0.0813333333333333,0.144893111638955,"GO:1990234","GO:CC","transferase complex",16860,3836,"GO:1902494"
"T0","Astrocytes","15","greenyellow",1768,TRUE,2.40793217807819e-05,1199,1500,160,0.106666666666667,0.133444537114262,"GO:0140513","GO:CC","nuclear protein-containing complex",16860,3557,"GO:0005634, GO:0032991"
"T0","Astrocytes","15","greenyellow",1768,TRUE,2.4766039748539e-05,273,1430,54,0.0377622377622378,0.197802197802198,"GO:1903311","GO:BP","regulation of mRNA metabolic process",16178,23484,"GO:0016071, GO:0051252"
"T0","Astrocytes","15","greenyellow",1768,TRUE,3.45851061880074e-05,463,1430,78,0.0545454545454545,0.168466522678186,"GO:0010498","GO:BP","proteasomal protein catabolic process",16178,4224,"GO:0030163, GO:0051603"
"T0","Astrocytes","15","greenyellow",1768,TRUE,3.71156970552646e-05,2744,1430,320,0.223776223776224,0.116618075801749,"GO:0051641","GO:BP","cellular localization",16178,14309,"GO:0009987, GO:0051179"
"T0","Astrocytes","15","greenyellow",1768,TRUE,5.27566372327297e-05,4941,1430,529,0.36993006993007,0.107063347500506,"GO:1901564","GO:BP","organonitrogen compound metabolic process",16178,22098,"GO:0006807, GO:0071704"
"T0","Astrocytes","15","greenyellow",1768,TRUE,8.19707876338376e-05,2924,1500,333,0.222,0.113885088919289,"GO:0031090","GO:CC","organelle membrane",16860,1045,"GO:0016020, GO:0043227"
"T0","Astrocytes","15","greenyellow",1768,TRUE,9.18541077510952e-05,860,1532,121,0.0789817232375979,0.140697674418605,"GO:0030674","GO:MF","protein-macromolecule adaptor activity",17314,3987,"GO:0060090"
"T0","Astrocytes","15","greenyellow",1768,TRUE,0.00013336291964839,364,1430,64,0.0447552447552448,0.175824175824176,"GO:0006397","GO:BP","mRNA processing",16178,2182,"GO:0006396, GO:0016071"
"T0","Astrocytes","15","greenyellow",1768,TRUE,0.0001731920056409,168,756,35,0.0462962962962963,0.208333333333333,"KEGG:04141","KEGG","Protein processing in endoplasmic reticulum",8484,278,"KEGG:00000"
"T0","Astrocytes","15","greenyellow",1768,TRUE,0.00023663642263181,417,1017,71,0.0698131760078663,0.170263788968825,"REAC:R-HSA-5663202","REAC","Diseases of signal transduction by growth factor receptors and second messengers",10842,746,"REAC:R-HSA-1643685"
"T0","Astrocytes","15","greenyellow",1768,TRUE,0.00024898702043086,6702,1430,685,0.479020979020979,0.102208296031036,"GO:0009058","GO:BP","biosynthetic process",16178,3271,"GO:0008152"
"T0","Astrocytes","15","greenyellow",1768,TRUE,0.00026240082733972,6604,1430,676,0.472727272727273,0.102362204724409,"GO:0044249","GO:BP","cellular biosynthetic process",16178,11305,"GO:0009058, GO:0044237"
"T0","Astrocytes","15","greenyellow",1768,TRUE,0.00032785174707692,248,756,45,0.0595238095238095,0.181451612903226,"KEGG:04144","KEGG","Endocytosis",8484,280,"KEGG:00000"
"T0","Astrocytes","15","greenyellow",1768,TRUE,0.0004915047359669,308,1017,56,0.0550639134709931,0.181818181818182,"REAC:R-HSA-983168","REAC","Antigen processing: Ubiquitination & Proteasome degradation",10842,149,"REAC:R-HSA-983169"
"T0","Astrocytes","15","greenyellow",1768,TRUE,0.00050367242021767,6662,1430,679,0.474825174825175,0.101921344941459,"GO:1901576","GO:BP","organic substance biosynthetic process",16178,22106,"GO:0009058, GO:0071704"
"T0","Astrocytes","15","greenyellow",1768,TRUE,0.00055896127416823,118,1430,29,0.0202797202797203,0.245762711864407,"GO:0050684","GO:BP","regulation of mRNA processing",16178,13644,"GO:0006397, GO:1903311"
"T0","Astrocytes","15","greenyellow",1768,TRUE,0.00057895308347289,827,1430,116,0.0811188811188811,0.140266021765417,"GO:0006396","GO:BP","RNA processing",16178,2181,"GO:0010467, GO:0016070"
"T0","Astrocytes","15","greenyellow",1768,TRUE,0.00058703620903954,436,1430,71,0.0496503496503497,0.162844036697248,"GO:0010608","GO:BP","post-transcriptional regulation of gene expression",16178,4305,"GO:0010468"
"T0","Astrocytes","15","greenyellow",1768,TRUE,0.00062487857233327,380,1017,65,0.063913470993117,0.171052631578947,"REAC:R-HSA-983169","REAC","Class I MHC mediated antigen processing & presentation",10842,360,"REAC:R-HSA-1280218"
"T0","Astrocytes","15","greenyellow",1768,TRUE,0.00062497840202672,15291,1532,1408,0.919060052219321,0.0920803086783075,"GO:0005488","GO:MF","binding",17314,1480,"GO:0003674"
"T0","Astrocytes","15","greenyellow",1768,TRUE,0.00066776218476012,303,1532,53,0.0345953002610966,0.174917491749175,"GO:0003729","GO:MF","mRNA binding",17314,351,"GO:0003723"
"T0","Astrocytes","15","greenyellow",1768,TRUE,0.00090780379374989,4187,1532,447,0.29177545691906,0.106759016001911,"GO:0097159","GO:MF","organic cyclic compound binding",17314,9069,"GO:0005488"
"T0","Astrocytes","15","greenyellow",1768,TRUE,0.00097008661257786,2254,1430,263,0.183916083916084,0.116681455190772,"GO:0033036","GO:BP","macromolecule localization",16178,8276,"GO:0051179"
"T0","Astrocytes","15","greenyellow",1768,TRUE,0.00097863187480055,2619,1430,299,0.209090909090909,0.114165712103856,"GO:0043412","GO:BP","macromolecule modification",16178,11034,"GO:0043170"
"T0","Astrocytes","15","greenyellow",1768,TRUE,0.00097886922048011,227,1430,44,0.0307692307692308,0.193832599118943,"GO:0006402","GO:BP","mRNA catabolic process",16178,2187,"GO:0006401, GO:0010629, GO:0016071"
"T0","Astrocytes","15","greenyellow",1768,TRUE,0.0010219037649697,1802,1532,215,0.140339425587467,0.119311875693674,"GO:0019899","GO:MF","enzyme binding",17314,3728,"GO:0005515"
"T0","Astrocytes","15","greenyellow",1768,TRUE,0.00106305962065517,1476,1430,184,0.128671328671329,0.124661246612466,"GO:0033554","GO:BP","cellular response to stress",16178,8567,"GO:0006950, GO:0051716"
"T0","Astrocytes","15","greenyellow",1768,TRUE,0.00131373097673929,1007,1532,132,0.0861618798955614,0.131082423038729,"GO:0060090","GO:MF","molecular adaptor activity",17314,8382,"GO:0003674"
"T0","Astrocytes","15","greenyellow",1768,TRUE,0.00132294446013315,5466,1430,567,0.396503496503496,0.103732162458836,"GO:0016043","GO:BP","cellular component organization",16178,5137,"GO:0071840"
"T0","Astrocytes","15","greenyellow",1768,TRUE,0.00147366306965724,739,1500,102,0.068,0.138024357239513,"GO:0016604","GO:CC","nuclear body",16860,765,"GO:0005654, GO:0110165"
"T0","Astrocytes","15","greenyellow",1768,TRUE,0.00148720541983118,92,1017,24,0.023598820058997,0.260869565217391,"REAC:R-HSA-1592230","REAC","Mitochondrial biogenesis",10842,1419,"REAC:R-HSA-1852241"
"T0","Astrocytes","15","greenyellow",1768,TRUE,0.00151832263091723,5646,1430,583,0.407692307692308,0.103258944385406,"GO:0071840","GO:BP","cellular component organization or biogenesis",16178,17446,"GO:0009987"
"T0","Astrocytes","15","greenyellow",1768,TRUE,0.00178501103177587,1247,1430,159,0.111188811188811,0.127506014434643,"GO:0006508","GO:BP","proteolysis",16178,2259,"GO:0019538"
"T0","Astrocytes","15","greenyellow",1768,TRUE,0.00186719897068168,701,1017,102,0.100294985250737,0.145506419400856,"REAC:R-HSA-8953854","REAC","Metabolism of RNA",10842,1374,"REAC:0000000"
"T0","Astrocytes","15","greenyellow",1768,TRUE,0.00187908827637937,3391,1532,369,0.240861618798956,0.108817457976998,"GO:0003676","GO:MF","nucleic acid binding",17314,323,"GO:0097159"
"T0","Astrocytes","15","greenyellow",1768,TRUE,0.00193785415527844,1354,1430,170,0.118881118881119,0.125553914327917,"GO:0044248","GO:BP","cellular catabolic process",16178,11304,"GO:0009056, GO:0044237"
"T0","Astrocytes","15","greenyellow",1768,TRUE,0.00211222944670962,276,1017,50,0.0491642084562439,0.181159420289855,"REAC:R-HSA-72203","REAC","Processing of Capped Intron-Containing Pre-mRNA",10842,1746,"REAC:R-HSA-8953854"
"T0","Astrocytes","15","greenyellow",1768,TRUE,0.00213743726794848,295,1500,50,0.0333333333333333,0.169491525423729,"GO:0000151","GO:CC","ubiquitin ligase complex",16860,23,"GO:0140535, GO:1990234"
"T0","Astrocytes","15","greenyellow",1768,TRUE,0.00228944619346815,296,1430,52,0.0363636363636364,0.175675675675676,"GO:0016236","GO:BP","macroautophagy",16178,5240,"GO:0006914"
"T0","Astrocytes","15","greenyellow",1768,TRUE,0.00245517288803652,805,1430,111,0.0776223776223776,0.137888198757764,"GO:0043687","GO:BP","post-translational protein modification",16178,11196,"GO:0036211"
"T0","Astrocytes","15","greenyellow",1768,TRUE,0.00253777887367613,180,1500,35,0.0233333333333333,0.194444444444444,"GO:0031461","GO:CC","cullin-RING ubiquitin ligase complex",16860,1119,"GO:0000151"
"T0","Astrocytes","15","greenyellow",1768,TRUE,0.00259266172167567,2056,1532,238,0.155352480417755,0.115758754863813,"GO:0016740","GO:MF","transferase activity",17314,2939,"GO:0003824"
"T0","Astrocytes","15","greenyellow",1768,TRUE,0.00299409807845899,5826,1430,597,0.417482517482517,0.102471678681771,"GO:0009059","GO:BP","macromolecule biosynthetic process",16178,3272,"GO:0043170, GO:0044249, GO:1901576"
"T0","Astrocytes","15","greenyellow",1768,TRUE,0.00327733770331179,874,1430,118,0.0825174825174825,0.135011441647597,"GO:0009894","GO:BP","regulation of catabolic process",16178,3792,"GO:0009056, GO:0019222"
"T0","Astrocytes","15","greenyellow",1768,TRUE,0.00342501485125937,284,1430,50,0.034965034965035,0.176056338028169,"GO:0048193","GO:BP","Golgi vesicle transport",16178,12993,"GO:0016192"
"T0","Astrocytes","15","greenyellow",1768,TRUE,0.00343251335458054,756,1430,105,0.0734265734265734,0.138888888888889,"GO:0070647","GO:BP","protein modification by small protein conjugation or removal",16178,16727,"GO:0043687"
"T0","Astrocytes","15","greenyellow",1768,TRUE,0.00394859970627481,606,1430,88,0.0615384615384615,0.145214521452145,"GO:0031329","GO:BP","regulation of cellular catabolic process",16178,7378,"GO:0009894, GO:0031323, GO:0044248"
"T0","Astrocytes","15","greenyellow",1768,TRUE,0.00406404839944204,262,1430,47,0.0328671328671329,0.179389312977099,"GO:0051169","GO:BP","nuclear transport",16178,13993,"GO:0046907"
"T0","Astrocytes","15","greenyellow",1768,TRUE,0.00406404839944204,262,1430,47,0.0328671328671329,0.179389312977099,"GO:0006913","GO:BP","nucleocytoplasmic transport",16178,2591,"GO:0051169"
"T0","Astrocytes","15","greenyellow",1768,TRUE,0.00422667691521255,1198,1430,152,0.106293706293706,0.126878130217028,"GO:1901565","GO:BP","organonitrogen compound catabolic process",16178,22099,"GO:1901564, GO:1901575"
"T0","Astrocytes","15","greenyellow",1768,TRUE,0.00435401732526479,133,1500,28,0.0186666666666667,0.210526315789474,"GO:1902554","GO:CC","serine/threonine protein kinase complex",16860,3646,"GO:1902911"
"T0","Astrocytes","15","greenyellow",1768,TRUE,0.0044155978269118,144,1532,30,0.0195822454308094,0.208333333333333,"GO:0016887","GO:MF","ATP hydrolysis activity",17314,3059,"GO:0017111, GO:0140657"
"T0","Astrocytes","15","greenyellow",1768,TRUE,0.00462651996314738,2419,1430,275,0.192307692307692,0.113683340223233,"GO:0036211","GO:BP","protein modification process",16178,9821,"GO:0019538, GO:0043412"
"T0","Astrocytes","15","greenyellow",1768,TRUE,0.00548790735157371,293,1017,51,0.0501474926253687,0.174061433447099,"REAC:R-HSA-1852241","REAC","Organelle biogenesis and maintenance",10842,1596,"REAC:0000000"
"T0","Astrocytes","15","greenyellow",1768,TRUE,0.00587929153045497,225,1017,42,0.0412979351032448,0.186666666666667,"REAC:R-HSA-162906","REAC","HIV Infection",10842,1069,"REAC:R-HSA-9824446"
"T0","Astrocytes","15","greenyellow",1768,TRUE,0.00621724199273239,490,1430,74,0.0517482517482517,0.151020408163265,"GO:0006914","GO:BP","autophagy",16178,2592,"GO:0044248, GO:0061919"
"T0","Astrocytes","15","greenyellow",1768,TRUE,0.00621724199273239,490,1430,74,0.0517482517482517,0.151020408163265,"GO:0061919","GO:BP","process utilizing autophagic mechanism",16178,16215,"GO:0009987"
"T0","Astrocytes","15","greenyellow",1768,TRUE,0.00720908158007015,333,1500,53,0.0353333333333333,0.159159159159159,"GO:0016607","GO:CC","nuclear speck",16860,768,"GO:0016604"
"T0","Astrocytes","15","greenyellow",1768,TRUE,0.00775820513484666,108,756,23,0.0304232804232804,0.212962962962963,"KEGG:03013","KEGG","Nucleocytoplasmic transport",8484,209,"KEGG:00000"
"T0","Astrocytes","15","greenyellow",1768,TRUE,0.00807250321275428,1695,1500,198,0.132,0.116814159292035,"GO:0005783","GO:CC","endoplasmic reticulum",16860,348,"GO:0005737, GO:0012505, GO:0043231"
"T0","Astrocytes","15","greenyellow",1768,TRUE,0.00933082147983887,153,1500,30,0.02,0.196078431372549,"GO:1902911","GO:CC","protein kinase complex",16860,3672,"GO:0061695"
"T0","Astrocytes","15","greenyellow",1768,TRUE,0.00945082156460703,149,1017,31,0.0304818092428712,0.208053691275168,"REAC:R-HSA-5358351","REAC","Signaling by Hedgehog",10842,2190,"REAC:R-HSA-162582"
"T0","Astrocytes","15","greenyellow",1768,TRUE,0.0105424450931116,4420,1430,463,0.323776223776224,0.104751131221719,"GO:0048519","GO:BP","negative regulation of biological process",16178,13227,"GO:0008150, GO:0050789"
"T0","Astrocytes","15","greenyellow",1768,TRUE,0.0113913809492948,29,1532,11,0.00718015665796345,0.379310344827586,"GO:0140142","GO:MF","nucleocytoplasmic carrier activity",17314,10422,"GO:0140104"
"T0","Astrocytes","15","greenyellow",1768,TRUE,0.0132106964751472,363,756,54,0.0714285714285714,0.148760330578512,"KEGG:05014","KEGG","Amyotrophic lateral sclerosis",8484,413,"KEGG:00000"
"T0","Astrocytes","15","greenyellow",1768,TRUE,0.0136528758100472,1442,1500,171,0.114,0.118585298196949,"GO:0005739","GO:CC","mitochondrion",16860,310,"GO:0005737, GO:0043231"
"T0","Astrocytes","15","greenyellow",1768,TRUE,0.0144109197468165,145,1017,30,0.0294985250737463,0.206896551724138,"REAC:R-HSA-162587","REAC","HIV Life Cycle",10842,1070,"REAC:R-HSA-162906"
"T0","Astrocytes","15","greenyellow",1768,TRUE,0.014612472058516,17,1500,8,0.00533333333333333,0.470588235294118,"GO:0019908","GO:CC","nuclear cyclin-dependent protein kinase holoenzyme complex",16860,828,"GO:0000307, GO:0140513"
"T0","Astrocytes","15","greenyellow",1768,TRUE,0.0148248829535612,474,1532,69,0.0450391644908616,0.145569620253165,"GO:0003712","GO:MF","transcription coregulator activity",17314,341,"GO:0030674, GO:0140110"
"T0","Astrocytes","15","greenyellow",1768,TRUE,0.0173402210897684,284,1430,48,0.0335664335664336,0.169014084507042,"GO:0000398","GO:BP","mRNA splicing, via spliceosome",16178,123,"GO:0000377, GO:0006397"
"T0","Astrocytes","15","greenyellow",1768,TRUE,0.0173402210897684,284,1430,48,0.0335664335664336,0.169014084507042,"GO:0000377","GO:BP","RNA splicing, via transesterification reactions with bulged adenosine as nucleophile",16178,111,"GO:0000375"
"T0","Astrocytes","15","greenyellow",1768,TRUE,0.0191714903169019,11,1430,7,0.0048951048951049,0.636363636363636,"GO:0034975","GO:BP","protein folding in endoplasmic reticulum",16178,9047,"GO:0006457"
"T0","Astrocytes","15","greenyellow",1768,TRUE,0.0226003677009114,1142,1500,139,0.0926666666666667,0.121716287215412,"GO:0031984","GO:CC","organelle subcompartment",16860,1230,"GO:0043227, GO:0043229, GO:0110165"
"T0","Astrocytes","15","greenyellow",1768,TRUE,0.0230926465902484,798,1430,106,0.0741258741258741,0.132832080200501,"GO:0033365","GO:BP","protein localization to organelle",16178,8456,"GO:0008104"
"T0","Astrocytes","15","greenyellow",1768,TRUE,0.0254414864158558,288,1430,48,0.0335664335664336,0.166666666666667,"GO:0000375","GO:BP","RNA splicing, via transesterification reactions",16178,109,"GO:0008380"
"T0","Astrocytes","15","greenyellow",1768,TRUE,0.0280153310930927,209,1017,38,0.0373647984267453,0.181818181818182,"REAC:R-HSA-72172","REAC","mRNA Splicing",10842,2628,"REAC:R-HSA-72203"
"T0","Astrocytes","15","greenyellow",1768,TRUE,0.0288283329920079,4051,1500,421,0.280666666666667,0.10392495680079,"GO:0012505","GO:CC","endomembrane system",16860,687,"GO:0110165"
"T0","Astrocytes","15","greenyellow",1768,TRUE,0.0296647825386779,601,1430,84,0.0587412587412587,0.139767054908486,"GO:0016567","GO:BP","protein ubiquitination",16178,5317,"GO:0032446"
"T0","Astrocytes","15","greenyellow",1768,TRUE,0.0297766814730592,202,1017,37,0.0363815142576204,0.183168316831683,"REAC:R-HSA-72163","REAC","mRNA Splicing - Major Pathway",10842,2629,"REAC:R-HSA-72172"
"T0","Astrocytes","15","greenyellow",1768,TRUE,0.0321153039372636,1877,1430,216,0.151048951048951,0.115077250932339,"GO:0070727","GO:BP","cellular macromolecule localization",16178,16772,"GO:0033036, GO:0051641"
"T0","Astrocytes","15","greenyellow",1768,TRUE,0.0372994867964449,524,1430,75,0.0524475524475524,0.143129770992366,"GO:0006886","GO:BP","intracellular protein transport",16178,2571,"GO:0008104, GO:0015031, GO:0046907"
"T0","Astrocytes","15","greenyellow",1768,TRUE,0.0373840849843364,875,1500,110,0.0733333333333333,0.125714285714286,"GO:0042175","GO:CC","nuclear outer membrane-endoplasmic reticulum membrane network",16860,1778,"GO:0012505, GO:0016020"
"T0","Astrocytes","15","greenyellow",1768,TRUE,0.0402439768961255,53,1017,15,0.0147492625368732,0.283018867924528,"REAC:R-HSA-9700206","REAC","Signaling by ALK in cancer",10842,2151,"REAC:R-HSA-5663202"
"T0","Astrocytes","15","greenyellow",1768,TRUE,0.0402439768961255,53,1017,15,0.0147492625368732,0.283018867924528,"REAC:R-HSA-9725370","REAC","Signaling by ALK fusions and activated point mutants",10842,2150,"REAC:R-HSA-9700206"
"T0","Astrocytes","15","greenyellow",1768,TRUE,0.0404626855356345,394,1430,60,0.041958041958042,0.152284263959391,"GO:0008380","GO:BP","RNA splicing",16178,3222,"GO:0006396"
"T0","Astrocytes","15","greenyellow",1768,TRUE,0.0419900968946554,277,1430,46,0.0321678321678322,0.166064981949458,"GO:0006401","GO:BP","RNA catabolic process",16178,2186,"GO:0009057, GO:0016070, GO:0034655"
"T0","Astrocytes","15","greenyellow",1768,TRUE,0.0429997136374256,254,1500,41,0.0273333333333333,0.161417322834646,"GO:0035770","GO:CC","ribonucleoprotein granule",16860,1639,"GO:0043232, GO:0099080"
"T0","Astrocytes","15","greenyellow",1768,TRUE,0.0455277158106032,4113,1430,429,0.3,0.104303428154632,"GO:0048523","GO:BP","negative regulation of cellular process",16178,13231,"GO:0009987, GO:0048519, GO:0050794"
"T0","Astrocytes","15","greenyellow",1768,TRUE,0.0460643606732737,27,756,9,0.0119047619047619,0.333333333333333,"KEGG:01040","KEGG","Biosynthesis of unsaturated fatty acids",8484,164,"KEGG:00000"
"T0","Astrocytes","15","greenyellow",1768,TRUE,0.0484583091658963,96,1430,22,0.0153846153846154,0.229166666666667,"GO:0048024","GO:BP","regulation of mRNA splicing, via spliceosome",16178,12898,"GO:0000398, GO:0043484, GO:0050684"
"T0","Astrocytes","15","greenyellow",1768,TRUE,0.048563938315281,756,1430,100,0.0699300699300699,0.132275132275132,"GO:0048666","GO:BP","neuron development",16178,13349,"GO:0030182, GO:0048468"
"T0","Astrocytes","15","greenyellow",1768,TRUE,0.0495562972853953,85,1017,20,0.0196656833824975,0.235294117647059,"REAC:R-HSA-5632684","REAC","Hedgehog 'on' state",10842,1080,"REAC:R-HSA-5358351"
"T0","Astrocytes","15","magenta",458,TRUE,1.68229466710791e-05,4941,361,161,0.445983379501385,0.0325844970653714,"GO:1901564","GO:BP","organonitrogen compound metabolic process",16178,22098,"GO:0006807, GO:0071704"
"T0","Astrocytes","15","magenta",458,TRUE,4.99963743133251e-05,5231,377,164,0.435013262599469,0.0313515580194991,"GO:0005829","GO:CC","cytosol",16860,380,"GO:0005737, GO:0110165"
"T0","Astrocytes","15","magenta",458,TRUE,7.46059520934899e-05,10755,377,286,0.758620689655172,0.0265922826592283,"GO:0005737","GO:CC","cytoplasm",16860,309,"GO:0005622, GO:0110165"
"T0","Astrocytes","15","magenta",458,TRUE,7.86163731023627e-05,94,245,13,0.0530612244897959,0.138297872340426,"REAC:R-HSA-2408557","REAC","Selenocysteine synthesis",10842,2120,"REAC:R-HSA-2408522"
"T0","Astrocytes","15","magenta",458,TRUE,0.00010655786899803,113,245,14,0.0571428571428571,0.123893805309735,"REAC:R-HSA-1799339","REAC","SRP-dependent cotranslational protein targeting to membrane",10842,2089,"REAC:R-HSA-72766"
"T0","Astrocytes","15","magenta",458,TRUE,0.00028278345253826,5466,361,169,0.46814404432133,0.030918404683498,"GO:0016043","GO:BP","cellular component organization",16178,5137,"GO:0071840"
"T0","Astrocytes","15","magenta",458,TRUE,0.00033178119190267,5646,361,173,0.479224376731302,0.03064116188452,"GO:0071840","GO:BP","cellular component organization or biogenesis",16178,17446,"GO:0009987"
"T0","Astrocytes","15","magenta",458,TRUE,0.00035423127766119,90,245,12,0.0489795918367347,0.133333333333333,"REAC:R-HSA-192823","REAC","Viral mRNA Translation",10842,2572,"REAC:R-HSA-168273"
"T0","Astrocytes","15","magenta",458,TRUE,0.00035423127766119,90,245,12,0.0489795918367347,0.133333333333333,"REAC:R-HSA-156902","REAC","Peptide chain elongation",10842,1673,"REAC:R-HSA-156842"
"T0","Astrocytes","15","magenta",458,TRUE,0.0005701692364561,94,245,12,0.0489795918367347,0.127659574468085,"REAC:R-HSA-72764","REAC","Eukaryotic Translation Termination",10842,842,"REAC:R-HSA-72766"
"T0","Astrocytes","15","magenta",458,TRUE,0.0005701692364561,94,245,12,0.0489795918367347,0.127659574468085,"REAC:R-HSA-156842","REAC","Eukaryotic Translation Elongation",10842,840,"REAC:R-HSA-72766"
"T0","Astrocytes","15","magenta",458,TRUE,0.00060004614287568,4010,361,132,0.365650969529086,0.0329177057356609,"GO:0019538","GO:BP","protein metabolic process",16178,6075,"GO:0043170, GO:0044238, GO:1901564"
"T0","Astrocytes","15","magenta",458,TRUE,0.00071662370004764,96,245,12,0.0489795918367347,0.125,"REAC:R-HSA-975956","REAC","Nonsense Mediated Decay (NMD) independent of the Exon Junction Complex (EJC)",10842,1559,"REAC:R-HSA-927802"
"T0","Astrocytes","15","magenta",458,TRUE,0.0007711975640257,152,245,15,0.0612244897959184,0.0986842105263158,"REAC:R-HSA-168255","REAC","Influenza Infection",10842,1151,"REAC:R-HSA-9824446"
"T0","Astrocytes","15","magenta",458,TRUE,0.00079595360825904,133,245,14,0.0571428571428571,0.105263157894737,"REAC:R-HSA-168273","REAC","Influenza Viral RNA Transcription and Replication",10842,1152,"REAC:R-HSA-168255"
"T0","Astrocytes","15","magenta",458,TRUE,0.00086658350908001,13667,377,338,0.896551724137931,0.0247311041194117,"GO:0005622","GO:CC","intracellular anatomical structure",16860,237,"GO:0110165"
"T0","Astrocytes","15","magenta",458,TRUE,0.00092420135306272,116,245,13,0.0530612244897959,0.112068965517241,"REAC:R-HSA-927802","REAC","Nonsense-Mediated Decay (NMD)",10842,1560,"REAC:R-HSA-8953854"
"T0","Astrocytes","15","magenta",458,TRUE,0.00092420135306272,116,245,13,0.0530612244897959,0.112068965517241,"REAC:R-HSA-975957","REAC","Nonsense Mediated Decay (NMD) enhanced by the Exon Junction Complex (EJC)",10842,1558,"REAC:R-HSA-927802"
"T0","Astrocytes","15","magenta",458,TRUE,0.00101911521848788,117,245,13,0.0530612244897959,0.111111111111111,"REAC:R-HSA-2408522","REAC","Selenoamino acid metabolism",10842,2119,"REAC:R-HSA-71291"
"T0","Astrocytes","15","magenta",458,TRUE,0.00111229734245525,56,377,9,0.0238726790450928,0.160714285714286,"GO:0022625","GO:CC","cytosolic large ribosomal subunit",16860,856,"GO:0015934, GO:0022626"
"T0","Astrocytes","15","magenta",458,TRUE,0.00137485899867801,102,245,12,0.0489795918367347,0.117647058823529,"REAC:R-HSA-9633012","REAC","Response of EIF2AK4 (GCN2) to amino acid deficiency",10842,2021,"REAC:R-HSA-9711097"
"T0","Astrocytes","15","magenta",458,TRUE,0.00137485899867801,102,245,12,0.0489795918367347,0.117647058823529,"REAC:R-HSA-72689","REAC","Formation of a pool of free 40S subunits",10842,922,"REAC:R-HSA-72737"
"T0","Astrocytes","15","magenta",458,TRUE,0.00298369640391544,115,377,12,0.0318302387267905,0.104347826086957,"GO:0022626","GO:CC","cytosolic ribosome",16860,857,"GO:0005829, GO:0005840"
"T0","Astrocytes","15","magenta",458,TRUE,0.00368169460809667,112,245,12,0.0489795918367347,0.107142857142857,"REAC:R-HSA-156827","REAC","L13a-mediated translational silencing of Ceruloplasmin expression",10842,1258,"REAC:R-HSA-72613"
"T0","Astrocytes","15","magenta",458,TRUE,0.00377464155773302,153,190,13,0.068421052631579,0.0849673202614379,"KEGG:03010","KEGG","Ribosome",8484,208,"KEGG:00000"
"T0","Astrocytes","15","magenta",458,TRUE,0.00403776294461291,113,245,12,0.0489795918367347,0.106194690265487,"REAC:R-HSA-72706","REAC","GTP hydrolysis and joining of the 60S ribosomal subunit",10842,995,"REAC:R-HSA-72737"
"T0","Astrocytes","15","magenta",458,TRUE,0.00550513557397858,202,361,17,0.0470914127423823,0.0841584158415842,"GO:0007033","GO:BP","vacuole organization",16178,2669,"GO:0006996"
"T0","Astrocytes","15","magenta",458,TRUE,0.00595165456810693,86,361,11,0.0304709141274238,0.127906976744186,"GO:0010977","GO:BP","negative regulation of neuron projection development",16178,4611,"GO:0010975, GO:0031175, GO:0031345"
"T0","Astrocytes","15","magenta",458,TRUE,0.0059936474175013,307,377,20,0.0530503978779841,0.0651465798045603,"GO:0005769","GO:CC","early endosome",16860,337,"GO:0005768"
"T0","Astrocytes","15","magenta",458,TRUE,0.0064312660285156,104,361,12,0.0332409972299169,0.115384615384615,"GO:0000045","GO:BP","autophagosome assembly",16178,18,"GO:0070925, GO:1905037"
"T0","Astrocytes","15","magenta",458,TRUE,0.00749195255508666,120,245,12,0.0489795918367347,0.1,"REAC:R-HSA-72737","REAC","Cap-dependent Translation Initiation",10842,297,"REAC:R-HSA-72613"
"T0","Astrocytes","15","magenta",458,TRUE,0.00749195255508666,120,245,12,0.0489795918367347,0.1,"REAC:R-HSA-72613","REAC","Eukaryotic Translation Initiation",10842,841,"REAC:R-HSA-72766"
"T0","Astrocytes","15","magenta",458,TRUE,0.0076263688226392,40,377,7,0.0185676392572944,0.175,"GO:0044304","GO:CC","main axon",16860,2057,"GO:0030424, GO:0110165"
"T0","Astrocytes","15","magenta",458,TRUE,0.00792636309577723,11912,377,301,0.79840848806366,0.0252686366689053,"GO:0043229","GO:CC","intracellular organelle",16860,1881,"GO:0005622, GO:0043226"
"T0","Astrocytes","15","magenta",458,TRUE,0.00957839121765732,108,361,12,0.0332409972299169,0.111111111111111,"GO:1905037","GO:BP","autophagosome organization",16178,24950,"GO:0007033, GO:0016236"
"T0","Astrocytes","15","magenta",458,TRUE,0.0105162414790172,827,388,38,0.0979381443298969,0.0459492140266022,"GO:0008092","GO:MF","cytoskeletal protein binding",17314,1544,"GO:0005515"
"T0","Astrocytes","15","magenta",458,TRUE,0.010640229792589,128,361,13,0.03601108033241,0.1015625,"GO:0031345","GO:BP","negative regulation of cell projection organization",16178,7393,"GO:0030030, GO:0031344, GO:0051129"
"T0","Astrocytes","15","magenta",458,TRUE,0.011460686813329,92,377,10,0.026525198938992,0.108695652173913,"GO:0030427","GO:CC","site of polarized growth",16860,935,"GO:0110165"
"T0","Astrocytes","15","magenta",458,TRUE,0.0117200983252703,146,388,13,0.0335051546391753,0.089041095890411,"GO:0003735","GO:MF","structural constituent of ribosome",17314,353,"GO:0005198"
"T0","Astrocytes","15","magenta",458,TRUE,0.012304248119652,112,377,11,0.0291777188328912,0.0982142857142857,"GO:0015934","GO:CC","large ribosomal subunit",16860,709,"GO:0044391"
"T0","Astrocytes","15","magenta",458,TRUE,0.0123078067002864,440,361,26,0.07202216066482,0.0590909090909091,"GO:0048812","GO:BP","neuron projection morphogenesis",16178,13483,"GO:0031175, GO:0120039"
"T0","Astrocytes","15","magenta",458,TRUE,0.0135796813953651,10,377,4,0.0106100795755968,0.4,"GO:0044754","GO:CC","autolysosome",16860,2111,"GO:0005767, GO:0005776"
"T0","Astrocytes","15","magenta",458,TRUE,0.0192888234045988,444,377,24,0.0636604774535809,0.0540540540540541,"GO:0048471","GO:CC","perinuclear region of cytoplasm",16860,2231,"GO:0005737, GO:0110165"
"T0","Astrocytes","15","magenta",458,TRUE,0.0194937076414837,682,361,34,0.0941828254847645,0.0498533724340176,"GO:0031175","GO:BP","neuron projection development",16178,7333,"GO:0048666, GO:0120036"
"T0","Astrocytes","15","magenta",458,TRUE,0.0203379552850983,184,377,14,0.0371352785145889,0.0760869565217391,"GO:0044391","GO:CC","ribosomal subunit",16860,2076,"GO:0005840, GO:1990904"
"T0","Astrocytes","15","magenta",458,TRUE,0.0222434266458013,455,361,26,0.07202216066482,0.0571428571428571,"GO:0120039","GO:BP","plasma membrane bounded cell projection morphogenesis",16178,20036,"GO:0048858"
"T0","Astrocytes","15","magenta",458,TRUE,0.0251065503071224,157,245,13,0.0530612244897959,0.0828025477707006,"REAC:R-HSA-9711097","REAC","Cellular response to starvation",10842,330,"REAC:R-HSA-2262752"
"T0","Astrocytes","15","magenta",458,TRUE,0.0259125156962285,459,361,26,0.07202216066482,0.0566448801742919,"GO:0048858","GO:BP","cell projection morphogenesis",16178,13527,"GO:0000902, GO:0030030, GO:0032989"
"T0","Astrocytes","15","magenta",458,TRUE,0.0269866173033299,545,361,29,0.0803324099722992,0.0532110091743119,"GO:0032989","GO:BP","cellular anatomical entity morphogenesis",16178,8249,"GO:0009653"
"T0","Astrocytes","15","magenta",458,TRUE,0.0372427116979079,1411,377,53,0.140583554376658,0.03756201275691,"GO:0030054","GO:CC","cell junction",16860,868,"GO:0110165"
"T0","Astrocytes","15","magenta",458,TRUE,0.0377186673041671,835,377,36,0.0954907161803713,0.0431137724550898,"GO:0005768","GO:CC","endosome",16860,336,"GO:0012505, GO:0031410"
"T0","Astrocytes","15","magenta",458,TRUE,0.0400084411884688,39,361,7,0.0193905817174515,0.179487179487179,"GO:0032387","GO:BP","negative regulation of intracellular transport",16178,7813,"GO:0032386, GO:0046907, GO:0048523, GO:0051051"
"T0","Astrocytes","15","magenta",458,TRUE,0.0414743743359197,2744,361,92,0.254847645429363,0.0335276967930029,"GO:0051641","GO:BP","cellular localization",16178,14309,"GO:0009987, GO:0051179"
"T0","Astrocytes","15","magenta",458,TRUE,0.0419467824477069,12730,377,314,0.83289124668435,0.0246661429693637,"GO:0043226","GO:CC","organelle",16860,1878,"GO:0110165"
"T0","Astrocytes","15","magenta",458,TRUE,0.0447500224856514,88,377,9,0.0238726790450928,0.102272727272727,"GO:0030426","GO:CC","growth cone",16860,934,"GO:0030427, GO:0150034"
"T0","Astrocytes","15","magenta",458,TRUE,0.0458691202460387,650,361,32,0.0886426592797784,0.0492307692307692,"GO:0000902","GO:BP","cell morphogenesis",16178,242,"GO:0009653"
"T0","Astrocytes","15","pink",208,TRUE,0.00010117323673183,1661,171,42,0.245614035087719,0.0252859723058399,"GO:0007399","GO:BP","nervous system development",16178,2932,"GO:0048731"
"T0","Astrocytes","15","pink",208,TRUE,0.00132707464507666,10755,172,137,0.796511627906977,0.0127382612738261,"GO:0005737","GO:CC","cytoplasm",16860,309,"GO:0005622, GO:0110165"
"T0","Astrocytes","15","pink",208,TRUE,0.0157099177465199,1102,171,26,0.152046783625731,0.0235934664246824,"GO:0030234","GO:MF","enzyme regulator activity",17314,3856,"GO:0098772"
"T0","Astrocytes","15","pink",208,TRUE,0.0224781846337171,449,111,15,0.135135135135135,0.0334075723830735,"REAC:R-HSA-9012999","REAC","RHO GTPase cycle",10842,1796,"REAC:R-HSA-194315"
"T0","Astrocytes","15","pink",208,TRUE,0.0263482680749944,8,171,3,0.0175438596491228,0.375,"GO:0002162","GO:MF","dystroglycan binding",17314,310,"GO:0005515"
"T0","Astrocytes","15","pink",208,TRUE,0.0493608551433603,717,111,19,0.171171171171171,0.0264993026499303,"REAC:R-HSA-9716542","REAC","Signaling by Rho GTPases, Miro GTPases and RHOBTB3",10842,2235,"REAC:R-HSA-162582"
"T0","Astrocytes","15","purple",1401,TRUE,2.77986431345557e-20,13667,1165,1061,0.910729613733906,0.0776322528718812,"GO:0005622","GO:CC","intracellular anatomical structure",16860,237,"GO:0110165"
"T0","Astrocytes","15","purple",1401,TRUE,2.99565838919472e-17,5231,1165,503,0.43175965665236,0.0961575224622443,"GO:0005829","GO:CC","cytosol",16860,380,"GO:0005737, GO:0110165"
"T0","Astrocytes","15","purple",1401,TRUE,4.84087512691584e-16,11912,1165,949,0.814592274678112,0.0796675621222297,"GO:0043229","GO:CC","intracellular organelle",16860,1881,"GO:0005622, GO:0043226"
"T0","Astrocytes","15","purple",1401,TRUE,1.16815026305055e-13,12730,1165,989,0.848927038626609,0.0776904948939513,"GO:0043226","GO:CC","organelle",16860,1878,"GO:0110165"
"T0","Astrocytes","15","purple",1401,TRUE,3.84613921786165e-13,10755,1165,866,0.743347639484979,0.0805206880520688,"GO:0005737","GO:CC","cytoplasm",16860,309,"GO:0005622, GO:0110165"
"T0","Astrocytes","15","purple",1401,TRUE,1.25854834667679e-10,11983,1165,932,0.8,0.0777768505382625,"GO:0043227","GO:CC","membrane-bounded organelle",16860,1879,"GO:0043226"
"T0","Astrocytes","15","purple",1401,TRUE,5.86859989679548e-10,5466,1149,502,0.436901653611836,0.0918404683497988,"GO:0016043","GO:BP","cellular component organization",16178,5137,"GO:0071840"
"T0","Astrocytes","15","purple",1401,TRUE,9.09275089106546e-10,10872,1165,858,0.736480686695279,0.0789183222958057,"GO:0043231","GO:CC","intracellular membrane-bounded organelle",16860,1883,"GO:0043227, GO:0043229"
"T0","Astrocytes","15","purple",1401,TRUE,9.17625729193277e-10,4111,1165,385,0.330472103004292,0.0936511797616152,"GO:0005654","GO:CC","nucleoplasm",16860,252,"GO:0031981, GO:0110165"
"T0","Astrocytes","15","purple",1401,TRUE,1.27649826749691e-09,4410,1165,407,0.349356223175966,0.0922902494331066,"GO:0031981","GO:CC","nuclear lumen",16860,1227,"GO:0005634, GO:0070013"
"T0","Astrocytes","15","purple",1401,TRUE,1.39790052675633e-09,1847,1165,203,0.174248927038627,0.109907958852193,"GO:0005856","GO:CC","cytoskeleton",16860,399,"GO:0043232"
"T0","Astrocytes","15","purple",1401,TRUE,4.67887091176403e-09,4488,1165,410,0.351931330472103,0.0913547237076649,"GO:0043232","GO:CC","intracellular non-membrane-bounded organelle",16860,1884,"GO:0043228, GO:0043229"
"T0","Astrocytes","15","purple",1401,TRUE,4.83773936214485e-09,4489,1165,410,0.351931330472103,0.0913343729115616,"GO:0043228","GO:CC","non-membrane-bounded organelle",16860,1880,"GO:0043226"
"T0","Astrocytes","15","purple",1401,TRUE,6.83076482703322e-09,5646,1149,510,0.443864229765013,0.0903294367693943,"GO:0071840","GO:BP","cellular component organization or biogenesis",16178,17446,"GO:0009987"
"T0","Astrocytes","15","purple",1401,TRUE,1.03539868120457e-08,13965,1177,1032,0.876805437553101,0.0738990332975295,"GO:0005515","GO:MF","protein binding",17314,1492,"GO:0005488"
"T0","Astrocytes","15","purple",1401,TRUE,1.09540003216279e-08,1988,1149,219,0.190600522193211,0.110160965794769,"GO:0051128","GO:BP","regulation of cellular component organization",16178,13953,"GO:0016043, GO:0050794"
"T0","Astrocytes","15","purple",1401,TRUE,1.18218700115701e-08,6709,1165,570,0.489270386266094,0.0849605008197943,"GO:0005634","GO:CC","nucleus",16860,243,"GO:0043231"
"T0","Astrocytes","15","purple",1401,TRUE,4.05241445909001e-08,442,1165,69,0.0592274678111588,0.156108597285068,"GO:0015629","GO:CC","actin cytoskeleton",16860,707,"GO:0005856"
"T0","Astrocytes","15","purple",1401,TRUE,8.87000590998038e-08,1007,1177,122,0.103653355989805,0.121151936444886,"GO:0060090","GO:MF","molecular adaptor activity",17314,8382,"GO:0003674"
"T0","Astrocytes","15","purple",1401,TRUE,1.37067979431385e-07,860,1177,108,0.0917587085811385,0.125581395348837,"GO:0030674","GO:MF","protein-macromolecule adaptor activity",17314,3987,"GO:0060090"
"T0","Astrocytes","15","purple",1401,TRUE,1.37622541288043e-07,2254,1149,237,0.206266318537859,0.105146406388642,"GO:0033036","GO:BP","macromolecule localization",16178,8276,"GO:0051179"
"T0","Astrocytes","15","purple",1401,TRUE,1.77985925868932e-07,3201,1149,314,0.273281114012185,0.0980943455170259,"GO:0006996","GO:BP","organelle organization",16178,2642,"GO:0016043"
"T0","Astrocytes","15","purple",1401,TRUE,2.47719383003078e-07,5468,1165,473,0.406008583690987,0.0865032918800293,"GO:0031974","GO:CC","membrane-enclosed lumen",16860,1221,"GO:0110165"
"T0","Astrocytes","15","purple",1401,TRUE,2.47719383003078e-07,5468,1165,473,0.406008583690987,0.0865032918800293,"GO:0070013","GO:CC","intracellular organelle lumen",16860,2399,"GO:0043229, GO:0043233"
"T0","Astrocytes","15","purple",1401,TRUE,2.47719383003078e-07,5468,1165,473,0.406008583690987,0.0865032918800293,"GO:0043233","GO:CC","organelle lumen",16860,1885,"GO:0031974, GO:0043226"
"T0","Astrocytes","15","purple",1401,TRUE,6.44986331289034e-07,384,1165,60,0.0515021459227468,0.15625,"GO:0005925","GO:CC","focal adhesion",16860,451,"GO:0030055"
"T0","Astrocytes","15","purple",1401,TRUE,7.55987134712295e-07,739,1165,95,0.0815450643776824,0.128552097428958,"GO:0016604","GO:CC","nuclear body",16860,765,"GO:0005654, GO:0110165"
"T0","Astrocytes","15","purple",1401,TRUE,8.99213423922366e-07,1870,1149,201,0.174934725848564,0.107486631016043,"GO:0008104","GO:BP","protein localization",16178,3157,"GO:0070727"
"T0","Astrocytes","15","purple",1401,TRUE,1.23370462616376e-06,2744,1149,273,0.237597911227154,0.0994897959183673,"GO:0051641","GO:BP","cellular localization",16178,14309,"GO:0009987, GO:0051179"
"T0","Astrocytes","15","purple",1401,TRUE,1.23914497092566e-06,1877,1149,201,0.174934725848564,0.107085775173149,"GO:0070727","GO:BP","cellular macromolecule localization",16178,16772,"GO:0033036, GO:0051641"
"T0","Astrocytes","15","purple",1401,TRUE,1.24983246608291e-06,1192,1149,141,0.122715404699739,0.118288590604027,"GO:0046907","GO:BP","intracellular transport",16178,12847,"GO:0006810, GO:0051641, GO:0051649"
"T0","Astrocytes","15","purple",1401,TRUE,1.4379534688639e-06,392,1165,60,0.0515021459227468,0.153061224489796,"GO:0030055","GO:CC","cell-substrate junction",16860,869,"GO:0070161"
"T0","Astrocytes","15","purple",1401,TRUE,4.88433983905707e-06,827,1177,100,0.0849617672047579,0.120918984280532,"GO:0008092","GO:MF","cytoskeletal protein binding",17314,1544,"GO:0005515"
"T0","Astrocytes","15","purple",1401,TRUE,8.34214876038636e-06,14633,1149,1091,0.949521322889469,0.0745575070047154,"GO:0009987","GO:BP","cellular process",16178,3849,"GO:0008150"
"T0","Astrocytes","15","purple",1401,TRUE,1.58518148472158e-05,4113,1149,375,0.326370757180157,0.0911743253099927,"GO:0048523","GO:BP","negative regulation of cellular process",16178,13231,"GO:0009987, GO:0048519, GO:0050794"
"T0","Astrocytes","15","purple",1401,TRUE,2.18262669066904e-05,1324,1149,148,0.128807658833768,0.11178247734139,"GO:0007010","GO:BP","cytoskeleton organization",16178,2653,"GO:0006996"
"T0","Astrocytes","15","purple",1401,TRUE,2.78760280232177e-05,190,1177,35,0.0297366185216653,0.184210526315789,"GO:0051015","GO:MF","actin filament binding",17314,7930,"GO:0003779, GO:0044877"
"T0","Astrocytes","15","purple",1401,TRUE,4.33434052378782e-05,714,1165,87,0.0746781115879828,0.121848739495798,"GO:0070161","GO:CC","anchoring junction",16860,2440,"GO:0030054"
"T0","Astrocytes","15","purple",1401,TRUE,6.61531632456181e-05,2056,1177,198,0.168224299065421,0.0963035019455253,"GO:0016740","GO:MF","transferase activity",17314,2939,"GO:0003824"
"T0","Astrocytes","15","purple",1401,TRUE,0.00010504955137682,1185,1149,133,0.115752828546562,0.112236286919831,"GO:0120036","GO:BP","plasma membrane bounded cell projection organization",16178,20035,"GO:0030030"
"T0","Astrocytes","15","purple",1401,TRUE,0.00013236295276504,1201,1149,134,0.116623150565709,0.111573688592839,"GO:0030030","GO:BP","cell projection organization",16178,6891,"GO:0016043"
"T0","Astrocytes","15","purple",1401,TRUE,0.00016363551559009,2069,1177,197,0.167374681393373,0.0952150797486709,"GO:0140096","GO:MF","catalytic activity, acting on a protein",17314,10409,"GO:0003824"
"T0","Astrocytes","15","purple",1401,TRUE,0.00025164931085167,631,1149,81,0.0704960835509138,0.128367670364501,"GO:0030036","GO:BP","actin cytoskeleton organization",16178,6897,"GO:0007010, GO:0030029"
"T0","Astrocytes","15","purple",1401,TRUE,0.00027451177270966,332,1177,48,0.0407816482582838,0.144578313253012,"GO:0003779","GO:MF","actin binding",17314,361,"GO:0008092"
"T0","Astrocytes","15","purple",1401,TRUE,0.00032865264685006,64,1165,17,0.0145922746781116,0.265625,"GO:0042641","GO:CC","actomyosin",16860,1815,"GO:0015629, GO:0110165"
"T0","Astrocytes","15","purple",1401,TRUE,0.00032865264685006,64,1165,17,0.0145922746781116,0.265625,"GO:0032432","GO:CC","actin filament bundle",16860,1299,"GO:0015629, GO:0110165"
"T0","Astrocytes","15","purple",1401,TRUE,0.00034582513251426,183,1177,32,0.0271877655055225,0.174863387978142,"GO:0140993","GO:MF","histone modifying activity",17314,10754,"GO:0140096"
"T0","Astrocytes","15","purple",1401,TRUE,0.0003599169333014,4911,1149,427,0.371627502175805,0.0869476684992873,"GO:0080090","GO:BP","regulation of primary metabolic process",16178,18320,"GO:0019222, GO:0044238"
"T0","Astrocytes","15","purple",1401,TRUE,0.0003893289744496,798,1149,96,0.0835509138381201,0.120300751879699,"GO:0033365","GO:BP","protein localization to organelle",16178,8456,"GO:0008104"
"T0","Astrocytes","15","purple",1401,TRUE,0.00039282245412783,202,1177,34,0.0288870008496177,0.168316831683168,"GO:0031267","GO:MF","small GTPase binding",17314,4105,"GO:0051020"
"T0","Astrocytes","15","purple",1401,TRUE,0.00045275608739062,8726,1149,702,0.610966057441253,0.0804492321796929,"GO:0044238","GO:BP","primary metabolic process",16178,11300,"GO:0008152"
"T0","Astrocytes","15","purple",1401,TRUE,0.00050395789713346,4791,1149,417,0.362924281984334,0.08703819661866,"GO:0051171","GO:BP","regulation of nitrogen compound metabolic process",16178,13995,"GO:0006807, GO:0019222"
"T0","Astrocytes","15","purple",1401,TRUE,0.00050568433073697,4420,1149,389,0.338555265448216,0.0880090497737557,"GO:0048519","GO:BP","negative regulation of biological process",16178,13227,"GO:0008150, GO:0050789"
"T0","Astrocytes","15","purple",1401,TRUE,0.00052431570133949,474,1177,61,0.0518266779949023,0.128691983122363,"GO:0003712","GO:MF","transcription coregulator activity",17314,341,"GO:0030674, GO:0140110"
"T0","Astrocytes","15","purple",1401,TRUE,0.0010851022493321,707,1149,86,0.0748476936466493,0.121640735502122,"GO:0030029","GO:BP","actin filament-based process",16178,6890,"GO:0009987"
"T0","Astrocytes","15","purple",1401,TRUE,0.00132902610420749,4010,1149,355,0.308964316797215,0.0885286783042394,"GO:0019538","GO:BP","protein metabolic process",16178,6075,"GO:0043170, GO:0044238, GO:1901564"
"T0","Astrocytes","15","purple",1401,TRUE,0.00136483958860033,15291,1177,1086,0.92268479184367,0.071022169903865,"GO:0005488","GO:MF","binding",17314,1480,"GO:0003674"
"T0","Astrocytes","15","purple",1401,TRUE,0.00202347892926568,58,1165,15,0.0128755364806867,0.258620689655172,"GO:0001725","GO:CC","stress fiber",16860,154,"GO:0042641, GO:0097517"
"T0","Astrocytes","15","purple",1401,TRUE,0.00202347892926568,58,1165,15,0.0128755364806867,0.258620689655172,"GO:0097517","GO:CC","contractile actin filament bundle",16860,3038,"GO:0032432"
"T0","Astrocytes","15","purple",1401,TRUE,0.00212236347402166,773,1149,91,0.0791993037423847,0.117723156532988,"GO:0060341","GO:BP","regulation of cellular localization",16178,15019,"GO:0032879, GO:0050794, GO:0051641"
"T0","Astrocytes","15","purple",1401,TRUE,0.00214233339873483,1802,1177,170,0.144435004248088,0.0943396226415094,"GO:0019899","GO:MF","enzyme binding",17314,3728,"GO:0005515"
"T0","Astrocytes","15","purple",1401,TRUE,0.00234229632504692,5757,1149,484,0.421235857267189,0.084071565051242,"GO:0019222","GO:BP","regulation of metabolic process",16178,5789,"GO:0008152, GO:0050789"
"T0","Astrocytes","15","purple",1401,TRUE,0.00247360915882229,406,1149,56,0.0487380330722367,0.137931034482759,"GO:0007015","GO:BP","actin filament organization",16178,2655,"GO:0030036, GO:0097435"
"T0","Astrocytes","15","purple",1401,TRUE,0.00275454479177037,8309,1149,667,0.580504786771105,0.0802744012516548,"GO:0006807","GO:BP","nitrogen compound metabolic process",16178,2516,"GO:0008152"
"T0","Astrocytes","15","purple",1401,TRUE,0.00278171901947936,4941,1149,423,0.368146214099217,0.0856102003642987,"GO:1901564","GO:BP","organonitrogen compound metabolic process",16178,22098,"GO:0006807, GO:0071704"
"T0","Astrocytes","15","purple",1401,TRUE,0.00316736968493934,2213,1149,212,0.184508268059182,0.0957975598734749,"GO:0031324","GO:BP","negative regulation of cellular metabolic process",16178,7373,"GO:0009892, GO:0031323, GO:0044237, GO:0048523"
"T0","Astrocytes","15","purple",1401,TRUE,0.00323805734610902,1857,1149,183,0.159268929503916,0.098546042003231,"GO:0051172","GO:BP","negative regulation of nitrogen compound metabolic process",16178,13996,"GO:0006807, GO:0009892, GO:0051171"
"T0","Astrocytes","15","purple",1401,TRUE,0.00394824917445596,463,1149,61,0.0530896431679721,0.131749460043197,"GO:0120035","GO:BP","regulation of plasma membrane bounded cell projection organization",16178,20034,"GO:0031344, GO:0120036"
"T0","Astrocytes","15","purple",1401,TRUE,0.00452814552728775,239,1149,38,0.0330722367275892,0.158995815899582,"GO:0034504","GO:BP","protein localization to nucleus",16178,8968,"GO:0033365"
"T0","Astrocytes","15","purple",1401,TRUE,0.00511805944621376,477,1149,62,0.0539599651871192,0.129979035639413,"GO:0031344","GO:BP","regulation of cell projection organization",16178,7392,"GO:0030030, GO:0051128"
"T0","Astrocytes","15","purple",1401,TRUE,0.00513985900909091,5250,1149,444,0.386422976501305,0.0845714285714286,"GO:0048518","GO:BP","positive regulation of biological process",16178,13226,"GO:0008150, GO:0050789"
"T0","Astrocytes","15","purple",1401,TRUE,0.00542277187136219,746,1149,87,0.0757180156657963,0.116621983914209,"GO:0097435","GO:BP","supramolecular fiber organization",16178,19199,"GO:0016043"
"T0","Astrocytes","15","purple",1401,TRUE,0.00558170456585538,1196,1165,120,0.103004291845494,0.100334448160535,"GO:0015630","GO:CC","microtubule cytoskeleton",16860,708,"GO:0005856"
"T0","Astrocytes","15","purple",1401,TRUE,0.00558393156875262,521,1177,62,0.0526762956669499,0.119001919385797,"GO:0008134","GO:MF","transcription factor binding",17314,1571,"GO:0005515"
"T0","Astrocytes","15","purple",1401,TRUE,0.00567312300582336,681,1149,81,0.0704960835509138,0.118942731277533,"GO:0032880","GO:BP","regulation of protein localization",16178,8156,"GO:0008104, GO:0060341"
"T0","Astrocytes","15","purple",1401,TRUE,0.00588672562299037,1341,1177,131,0.111299915038233,0.0976882923191648,"GO:0044877","GO:MF","protein-containing complex binding",17314,6047,"GO:0005488"
"T0","Astrocytes","15","purple",1401,TRUE,0.00616368856438809,228,1177,34,0.0288870008496177,0.149122807017544,"GO:0051020","GO:MF","GTPase binding",17314,7933,"GO:0019899"
"T0","Astrocytes","15","purple",1401,TRUE,0.00717283972822368,545,1149,68,0.0591818973020017,0.124770642201835,"GO:0032989","GO:BP","cellular anatomical entity morphogenesis",16178,8249,"GO:0009653"
"T0","Astrocytes","15","purple",1401,TRUE,0.00748796060549214,2428,1149,227,0.197563098346388,0.093492586490939,"GO:0009892","GO:BP","negative regulation of metabolic process",16178,3790,"GO:0008152, GO:0019222, GO:0048519"
"T0","Astrocytes","15","purple",1401,TRUE,0.00801979333075556,5297,1149,446,0.3881636205396,0.0841986029828205,"GO:0060255","GO:BP","regulation of macromolecule metabolic process",16178,14938,"GO:0019222, GO:0043170"
"T0","Astrocytes","15","purple",1401,TRUE,0.0116351788543858,650,1149,77,0.0670147954743255,0.118461538461538,"GO:0000902","GO:BP","cell morphogenesis",16178,242,"GO:0009653"
"T0","Astrocytes","15","purple",1401,TRUE,0.0119090870223653,9325,1149,733,0.637946040034813,0.0786058981233244,"GO:0071704","GO:BP","organic substance metabolic process",16178,17374,"GO:0008152"
"T0","Astrocytes","15","purple",1401,TRUE,0.0120702819583946,2419,1149,225,0.195822454308094,0.0930136420008268,"GO:0036211","GO:BP","protein modification process",16178,9821,"GO:0019538, GO:0043412"
"T0","Astrocytes","15","purple",1401,TRUE,0.0127456905698254,1568,1149,156,0.135770234986945,0.0994897959183673,"GO:0051649","GO:BP","establishment of localization in cell",16178,14317,"GO:0051234, GO:0051641"
"T0","Astrocytes","15","purple",1401,TRUE,0.0138540128297285,1038,1165,105,0.0901287553648069,0.101156069364162,"GO:0099080","GO:CC","supramolecular complex",16860,3341,"GO:0110165"
"T0","Astrocytes","15","purple",1401,TRUE,0.0143331784937723,798,1149,90,0.0783289817232376,0.112781954887218,"GO:0044087","GO:BP","regulation of cellular component biogenesis",16178,11272,"GO:0044085, GO:0050794"
"T0","Astrocytes","15","purple",1401,TRUE,0.0144425689530661,696,1165,76,0.0652360515021459,0.109195402298851,"GO:0099081","GO:CC","supramolecular polymer",16860,3342,"GO:0099080"
"T0","Astrocytes","15","purple",1401,TRUE,0.0145957179297355,7881,1149,631,0.54917319408181,0.0800659814744322,"GO:0043170","GO:BP","macromolecule metabolic process",16178,10919,"GO:0071704"
"T0","Astrocytes","15","purple",1401,TRUE,0.0152279569745051,9757,1149,762,0.663185378590078,0.0780977759557241,"GO:0008152","GO:BP","metabolic process",16178,3159,"GO:0008150"
"T0","Astrocytes","15","purple",1401,TRUE,0.0162479001113509,1782,1149,173,0.150565709312446,0.0970819304152638,"GO:0051246","GO:BP","regulation of protein metabolic process",16178,14041,"GO:0019538, GO:0051171, GO:0060255, GO:0080090"
"T0","Astrocytes","15","purple",1401,TRUE,0.0165579166245866,11,1177,6,0.00509770603228547,0.545454545454545,"GO:0017166","GO:MF","vinculin binding",17314,3169,"GO:0008092"
"T0","Astrocytes","15","purple",1401,TRUE,0.0166104846229922,666,1177,73,0.0620220900594732,0.10960960960961,"GO:0016301","GO:MF","kinase activity",17314,2763,"GO:0016772"
"T0","Astrocytes","15","purple",1401,TRUE,0.0168183470779627,620,1177,69,0.0586236193712829,0.111290322580645,"GO:0016773","GO:MF","phosphotransferase activity, alcohol group as acceptor",17314,2967,"GO:0016772"
"T0","Astrocytes","15","purple",1401,TRUE,0.0171201320936419,688,1165,75,0.0643776824034335,0.109011627906977,"GO:0099512","GO:CC","supramolecular fiber",16860,3365,"GO:0099081"
"T0","Astrocytes","15","purple",1401,TRUE,0.0176567305197739,2256,1149,211,0.183637946040035,0.0935283687943262,"GO:0010605","GO:BP","negative regulation of macromolecule metabolic process",16178,4302,"GO:0009892, GO:0043170, GO:0060255"
"T0","Astrocytes","15","purple",1401,TRUE,0.0202589007012678,5313,1149,444,0.386422976501305,0.0835686053077357,"GO:0031323","GO:BP","regulation of cellular metabolic process",16178,7372,"GO:0019222, GO:0044237, GO:0050794"
"T0","Astrocytes","15","purple",1401,TRUE,0.0220187254531808,294,1149,42,0.0365535248041775,0.142857142857143,"GO:0010975","GO:BP","regulation of neuron projection development",16178,4609,"GO:0031175, GO:0120035"
"T0","Astrocytes","15","purple",1401,TRUE,0.0225727158344762,202,599,29,0.0484140233722871,0.143564356435644,"KEGG:04510","KEGG","Focal adhesion",8484,313,"KEGG:00000"
"T0","Astrocytes","15","purple",1401,TRUE,0.0229671260742953,2619,1149,239,0.208006962576153,0.0912562046582665,"GO:0043412","GO:BP","macromolecule modification",16178,11034,"GO:0043170"
"T0","Astrocytes","15","purple",1401,TRUE,0.0254609562107654,459,1149,58,0.0504786771105309,0.12636165577342,"GO:0048858","GO:BP","cell projection morphogenesis",16178,13527,"GO:0000902, GO:0030030, GO:0032989"
"T0","Astrocytes","15","purple",1401,TRUE,0.0269356896970175,2145,1149,201,0.174934725848564,0.0937062937062937,"GO:0009056","GO:BP","catabolic process",16178,3269,"GO:0008152"
"T0","Astrocytes","15","purple",1401,TRUE,0.029207470559964,5725,1165,455,0.390557939914163,0.0794759825327511,"GO:0032991","GO:CC","protein-containing complex",16860,1340,"GO:0005575"
"T0","Astrocytes","15","purple",1401,TRUE,0.0308107977917927,905,1149,98,0.0852915578764143,0.10828729281768,"GO:0051130","GO:BP","positive regulation of cellular component organization",16178,13955,"GO:0016043, GO:0048522, GO:0051128"
"T0","Astrocytes","15","purple",1401,TRUE,0.0316206939438708,330,1177,42,0.0356839422259983,0.127272727272727,"GO:0045296","GO:MF","cadherin binding",17314,6083,"GO:0050839"
"T0","Astrocytes","15","purple",1401,TRUE,0.034761798044244,185,1149,30,0.0261096605744125,0.162162162162162,"GO:0030705","GO:BP","cytoskeleton-dependent intracellular transport",16178,7123,"GO:0046907"
"T0","Astrocytes","15","purple",1401,TRUE,0.0350738263593565,862,1149,94,0.0818102697998259,0.109048723897912,"GO:0070925","GO:BP","organelle assembly",16178,16870,"GO:0006996, GO:0022607"
"T0","Astrocytes","15","purple",1401,TRUE,0.0389172947293908,455,1149,57,0.0496083550913838,0.125274725274725,"GO:0120039","GO:BP","plasma membrane bounded cell projection morphogenesis",16178,20036,"GO:0048858"
"T0","Astrocytes","15","purple",1401,TRUE,0.0396534698788128,4324,1149,368,0.320278503046127,0.0851063829787234,"GO:0051179","GO:BP","localization",16178,14002,"GO:0008150"
"T0","Astrocytes","15","purple",1401,TRUE,0.0401817202050771,108,1149,21,0.0182767624020888,0.194444444444444,"GO:1900180","GO:BP","regulation of protein localization to nucleus",16178,20950,"GO:0032880, GO:0034504"
"T0","Astrocytes","15","purple",1401,TRUE,0.0403502758842144,262,1149,38,0.0330722367275892,0.145038167938931,"GO:0006913","GO:BP","nucleocytoplasmic transport",16178,2591,"GO:0051169"
"T0","Astrocytes","15","purple",1401,TRUE,0.0403502758842144,262,1149,38,0.0330722367275892,0.145038167938931,"GO:0051169","GO:BP","nuclear transport",16178,13993,"GO:0046907"
"T0","Astrocytes","15","purple",1401,TRUE,0.0448453850801407,2491,1149,227,0.197563098346388,0.0911280610196708,"GO:0051173","GO:BP","positive regulation of nitrogen compound metabolic process",16178,13997,"GO:0006807, GO:0009893, GO:0051171"
"T0","Astrocytes","15","purple",1401,TRUE,0.048462055017185,295,1165,38,0.032618025751073,0.128813559322034,"GO:0000151","GO:CC","ubiquitin ligase complex",16860,23,"GO:0140535, GO:1990234"
"T0","Astrocytes","15","purple",1401,TRUE,0.048875396931367,985,1149,104,0.0905134899912968,0.105583756345178,"GO:0048699","GO:BP","generation of neurons",16178,13381,"GO:0022008"
"T0","Astrocytes","15","purple",1401,TRUE,0.0498184610353899,4051,1165,332,0.284978540772532,0.0819550728215255,"GO:0012505","GO:CC","endomembrane system",16860,687,"GO:0110165"
"T0","Astrocytes","15","red",418,TRUE,2.1764054032739e-07,265,198,25,0.126262626262626,0.0943396226415094,"KEGG:05012","KEGG","Parkinson disease",8484,412,"KEGG:00000"
"T0","Astrocytes","15","red",418,TRUE,1.96715362168846e-05,1123,358,52,0.145251396648045,0.0463045414069457,"GO:0005215","GO:MF","transporter activity",17314,1354,"GO:0003674"
"T0","Astrocytes","15","red",418,TRUE,2.7067292797369e-05,7579,354,208,0.587570621468927,0.0274442538593482,"GO:0016020","GO:CC","membrane",16860,720,"GO:0110165"
"T0","Astrocytes","15","red",418,TRUE,3.85799716505234e-05,1016,358,48,0.134078212290503,0.047244094488189,"GO:0022857","GO:MF","transmembrane transporter activity",17314,3792,"GO:0005215"
"T0","Astrocytes","15","red",418,TRUE,4.9635037138475e-05,474,198,30,0.151515151515152,0.0632911392405063,"KEGG:05022","KEGG","Pathways of neurodegeneration - multiple diseases",8484,417,"KEGG:00000"
"T0","Astrocytes","15","red",418,TRUE,5.97733100232715e-05,515,358,31,0.0865921787709497,0.0601941747572816,"GO:0022890","GO:MF","inorganic cation transmembrane transporter activity",17314,3812,"GO:0015318"
"T0","Astrocytes","15","red",418,TRUE,8.61475816169783e-05,828,354,41,0.115819209039548,0.0495169082125604,"GO:0043005","GO:CC","neuron projection",16860,1846,"GO:0120025"
"T0","Astrocytes","15","red",418,TRUE,9.60914056944199e-05,1602,354,64,0.180790960451977,0.0399500624219725,"GO:0042995","GO:CC","cell projection",16860,1845,"GO:0110165"
"T0","Astrocytes","15","red",418,TRUE,0.00010475150693836,202,198,18,0.0909090909090909,0.0891089108910891,"KEGG:05415","KEGG","Diabetic cardiomyopathy",8484,492,"KEGG:00000"
"T0","Astrocytes","15","red",418,TRUE,0.00010724106293701,363,198,25,0.126262626262626,0.068870523415978,"KEGG:05014","KEGG","Amyotrophic lateral sclerosis",8484,413,"KEGG:00000"
"T0","Astrocytes","15","red",418,TRUE,0.00014224035742482,35,354,8,0.0225988700564972,0.228571428571429,"GO:0070069","GO:CC","cytochrome complex",16860,2423,"GO:1902494"
"T0","Astrocytes","15","red",418,TRUE,0.00014305518933238,1136,354,50,0.141242937853107,0.0440140845070423,"GO:0098796","GO:CC","membrane protein complex",16860,3258,"GO:0016020, GO:0032991"
"T0","Astrocytes","15","red",418,TRUE,0.00015093597603619,1587,354,63,0.177966101694915,0.0396975425330813,"GO:0120025","GO:CC","plasma membrane bounded cell projection",16860,3443,"GO:0042995"
"T0","Astrocytes","15","red",418,TRUE,0.00023525707885938,305,198,22,0.111111111111111,0.0721311475409836,"KEGG:05016","KEGG","Huntington disease",8484,414,"KEGG:00000"
"T0","Astrocytes","15","red",418,TRUE,0.00027214050543811,382,198,25,0.126262626262626,0.0654450261780105,"KEGG:05010","KEGG","Alzheimer disease",8484,411,"KEGG:00000"
"T0","Astrocytes","15","red",418,TRUE,0.00030661204637641,555,358,31,0.0865921787709497,0.0558558558558559,"GO:0008324","GO:MF","monoatomic cation transmembrane transporter activity",17314,1657,"GO:0015075"
"T0","Astrocytes","15","red",418,TRUE,0.00033234201749546,99,344,13,0.0377906976744186,0.131313131313131,"GO:0022904","GO:BP","respiratory electron transport chain",16178,6868,"GO:0022900, GO:0045333"
"T0","Astrocytes","15","red",418,TRUE,0.00041986668816045,1060,344,49,0.142441860465116,0.0462264150943396,"GO:0055085","GO:BP","transmembrane transport",16178,14701,"GO:0006810, GO:0009987"
"T0","Astrocytes","15","red",418,TRUE,0.00047741504568908,626,358,33,0.0921787709497207,0.0527156549520767,"GO:0015318","GO:MF","inorganic molecular entity transmembrane transporter activity",17314,2474,"GO:0022857"
"T0","Astrocytes","15","red",418,TRUE,0.00049501130857692,271,198,20,0.101010101010101,0.0738007380073801,"KEGG:05020","KEGG","Prion disease",8484,416,"KEGG:00000"
"T0","Astrocytes","15","red",418,TRUE,0.00052189224021897,87,198,11,0.0555555555555556,0.126436781609195,"KEGG:04260","KEGG","Cardiac muscle contraction",8484,296,"KEGG:00000"
"T0","Astrocytes","15","red",418,TRUE,0.00054436271106929,660,358,34,0.0949720670391061,0.0515151515151515,"GO:0015075","GO:MF","monoatomic ion transmembrane transporter activity",17314,2296,"GO:0022857"
"T0","Astrocytes","15","red",418,TRUE,0.00056957953175967,14633,344,335,0.973837209302326,0.022893459987699,"GO:0009987","GO:BP","cellular process",16178,3849,"GO:0008150"
"T0","Astrocytes","15","red",418,TRUE,0.00057264310925375,87,354,11,0.0310734463276836,0.126436781609195,"GO:0098803","GO:CC","respiratory chain complex",16860,3264,"GO:0070469, GO:0098796"
"T0","Astrocytes","15","red",418,TRUE,0.00063084552996913,5725,354,162,0.457627118644068,0.028296943231441,"GO:0032991","GO:CC","protein-containing complex",16860,1340,"GO:0005575"
"T0","Astrocytes","15","red",418,TRUE,0.00065388156018627,88,344,12,0.0348837209302326,0.136363636363636,"GO:0042775","GO:BP","mitochondrial ATP synthesis coupled electron transport",16178,10709,"GO:0042773"
"T0","Astrocytes","15","red",418,TRUE,0.00065388156018627,88,344,12,0.0348837209302326,0.136363636363636,"GO:0042773","GO:BP","ATP synthesis coupled electron transport",16178,10707,"GO:0006119, GO:0022904"
"T0","Astrocytes","15","red",418,TRUE,0.00066891397102559,227,358,18,0.0502793296089385,0.079295154185022,"GO:0022853","GO:MF","active monoatomic ion transmembrane transporter activity",17314,3789,"GO:0015075, GO:0022804"
"T0","Astrocytes","15","red",418,TRUE,0.00070512590968022,20,354,6,0.0169491525423729,0.3,"GO:0005751","GO:CC","mitochondrial respiratory chain complex IV",16860,321,"GO:0005746, GO:0045277, GO:0098800"
"T0","Astrocytes","15","red",418,TRUE,0.00075919301268747,232,198,18,0.0909090909090909,0.0775862068965517,"KEGG:04714","KEGG","Thermogenesis",8484,349,"KEGG:00000"
"T0","Astrocytes","15","red",418,TRUE,0.00083523649832522,107,344,13,0.0377906976744186,0.121495327102804,"GO:0022900","GO:BP","electron transport chain",16178,6867,"GO:0006091"
"T0","Astrocytes","15","red",418,TRUE,0.00100100847067263,92,354,11,0.0310734463276836,0.119565217391304,"GO:0005746","GO:CC","mitochondrial respirasome",16860,317,"GO:0005743, GO:0070469"
"T0","Astrocytes","15","red",418,TRUE,0.00123857330377821,94,354,11,0.0310734463276836,0.117021276595745,"GO:0070469","GO:CC","respirasome",16860,2497,"GO:0016020, GO:0110165"
"T0","Astrocytes","15","red",418,TRUE,0.00130997435725452,22,354,6,0.0169491525423729,0.272727272727273,"GO:0045277","GO:CC","respiratory chain complex IV",16860,2177,"GO:0070069, GO:0098803"
"T0","Astrocytes","15","red",418,TRUE,0.00141276551322903,134,198,13,0.0656565656565657,0.0970149253731343,"KEGG:00190","KEGG","Oxidative phosphorylation",8484,18,"KEGG:00000"
"T0","Astrocytes","15","red",418,TRUE,0.00154084894725738,221,198,17,0.0858585858585859,0.0769230769230769,"KEGG:05208","KEGG","Chemical carcinogenesis - reactive oxygen species",8484,460,"KEGG:00000"
"T0","Astrocytes","15","red",418,TRUE,0.00177540685983261,886,344,42,0.122093023255814,0.0474040632054176,"GO:0006811","GO:BP","monoatomic ion transport",16178,2520,"GO:0006810"
"T0","Astrocytes","15","red",418,TRUE,0.00199898388867277,221,358,17,0.0474860335195531,0.0769230769230769,"GO:0005096","GO:MF","GTPase activator activity",17314,1276,"GO:0008047, GO:0030695"
"T0","Astrocytes","15","red",418,TRUE,0.00239626147972487,82,344,11,0.0319767441860465,0.134146341463415,"GO:0019646","GO:BP","aerobic electron transport chain",16178,6172,"GO:0006119, GO:0009060, GO:0022904"
"T0","Astrocytes","15","red",418,TRUE,0.00243113839864231,84,198,10,0.0505050505050505,0.119047619047619,"KEGG:04012","KEGG","ErbB signaling pathway",8484,245,"KEGG:00000"
"T0","Astrocytes","15","red",418,TRUE,0.00262187497019464,62,358,9,0.0251396648044693,0.145161290322581,"GO:0015453","GO:MF","oxidoreduction-driven active transmembrane transporter activity",17314,2561,"GO:0015399"
"T0","Astrocytes","15","red",418,TRUE,0.00308457136068227,790,354,36,0.101694915254237,0.0455696202531646,"GO:0098590","GO:CC","plasma membrane region",16860,3217,"GO:0005886, GO:0016020"
"T0","Astrocytes","15","red",418,TRUE,0.00310474168417219,413,358,24,0.0670391061452514,0.0581113801452785,"GO:0046873","GO:MF","metal ion transmembrane transporter activity",17314,6230,"GO:0008324, GO:0022890"
"T0","Astrocytes","15","red",418,TRUE,0.00365417249226652,19,344,6,0.0174418604651163,0.315789473684211,"GO:0006123","GO:BP","mitochondrial electron transport, cytochrome c to oxygen",16178,2001,"GO:0019646, GO:0042775"
"T0","Astrocytes","15","red",418,TRUE,0.0039961738739017,391,358,23,0.0642458100558659,0.0588235294117647,"GO:0022804","GO:MF","active transmembrane transporter activity",17314,3766,"GO:0022857"
"T0","Astrocytes","15","red",418,TRUE,0.00598759454581238,127,344,13,0.0377906976744186,0.102362204724409,"GO:0006119","GO:BP","oxidative phosphorylation",16178,1997,"GO:0009060"
"T0","Astrocytes","15","red",418,TRUE,0.0063600449604235,10755,354,262,0.740112994350282,0.0243607624360762,"GO:0005737","GO:CC","cytoplasm",16860,309,"GO:0005622, GO:0110165"
"T0","Astrocytes","15","red",418,TRUE,0.0068608352849131,155,354,13,0.0367231638418079,0.0838709677419355,"GO:0098800","GO:CC","inner mitochondrial membrane protein complex",16860,3262,"GO:0005743, GO:0098796, GO:0098798"
"T0","Astrocytes","15","red",418,TRUE,0.00711138807927944,434,358,24,0.0670391061452514,0.0552995391705069,"GO:0030695","GO:MF","GTPase regulator activity",17314,3988,"GO:0060589"
"T0","Astrocytes","15","red",418,TRUE,0.00711138807927944,434,358,24,0.0670391061452514,0.0552995391705069,"GO:0060589","GO:MF","nucleoside-triphosphatase regulator activity",17314,8391,"GO:0030234"
"T0","Astrocytes","15","red",418,TRUE,0.00833058417168766,363,354,21,0.0593220338983051,0.0578512396694215,"GO:1990351","GO:CC","transporter complex",16860,3883,"GO:0032991"
"T0","Astrocytes","15","red",418,TRUE,0.00842250992277327,181,198,14,0.0707070707070707,0.0773480662983425,"KEGG:04360","KEGG","Axon guidance",8484,305,"KEGG:00000"
"T0","Astrocytes","15","red",418,TRUE,0.00865499093443063,282,354,18,0.0508474576271186,0.0638297872340425,"GO:0098794","GO:CC","postsynapse",16860,3257,"GO:0045202, GO:0110165"
"T0","Astrocytes","15","red",418,TRUE,0.01073934265799,84,253,10,0.0395256916996047,0.119047619047619,"REAC:R-HSA-5628897","REAC","TP53 Regulates Metabolic Genes",10842,2376,"REAC:R-HSA-3700989"
"T0","Astrocytes","15","red",418,TRUE,0.0114022610855973,2210,344,77,0.223837209302326,0.034841628959276,"GO:0035556","GO:BP","intracellular signal transduction",16178,9405,"GO:0007165"
"T0","Astrocytes","15","red",418,TRUE,0.0116847997030635,5231,354,145,0.409604519774011,0.0277193653221181,"GO:0005829","GO:CC","cytosol",16860,380,"GO:0005737, GO:0110165"
"T0","Astrocytes","15","red",418,TRUE,0.011922561801228,103,253,11,0.0434782608695652,0.106796116504854,"REAC:R-HSA-611105","REAC","Respiratory electron transport",10842,2014,"REAC:R-HSA-163200"
"T0","Astrocytes","15","red",418,TRUE,0.0124867768522487,4752,344,139,0.40406976744186,0.0292508417508417,"GO:0048522","GO:BP","positive regulation of cellular process",16178,13230,"GO:0009987, GO:0048518, GO:0050794"
"T0","Astrocytes","15","red",418,TRUE,0.0127069066787684,80,354,9,0.0254237288135593,0.1125,"GO:0042383","GO:CC","sarcolemma",16860,1781,"GO:0005886"
"T0","Astrocytes","15","red",418,TRUE,0.0157674923755675,85,198,9,0.0454545454545455,0.105882352941176,"KEGG:04911","KEGG","Insulin secretion",8484,368,"KEGG:00000"
"T0","Astrocytes","15","red",418,TRUE,0.0159809023507754,160,344,14,0.0406976744186047,0.0875,"GO:0009060","GO:BP","aerobic respiration",16178,3273,"GO:0045333"
"T0","Astrocytes","15","red",418,TRUE,0.0164625508178626,678,344,33,0.0959302325581395,0.0486725663716814,"GO:0030001","GO:BP","metal ion transport",16178,6883,"GO:0006812"
"T0","Astrocytes","15","red",418,TRUE,0.0177319350727962,127,253,12,0.0474308300395257,0.094488188976378,"REAC:R-HSA-163200","REAC","Respiratory electron transport, ATP synthesis by chemiosmotic coupling, and heat production by uncoupling proteins.",10842,2015,"REAC:R-HSA-1428517"
"T0","Astrocytes","15","red",418,TRUE,0.0203644688651392,2545,253,87,0.343873517786561,0.0341846758349705,"REAC:R-HSA-162582","REAC","Signal Transduction",10842,2144,"REAC:0000000"
"T0","Astrocytes","15","red",418,TRUE,0.0206043841381007,186,344,15,0.0436046511627907,0.0806451612903226,"GO:0045333","GO:BP","cellular respiration",16178,11755,"GO:0015980"
"T0","Astrocytes","15","red",418,TRUE,0.0209356800202317,749,344,35,0.101744186046512,0.0467289719626168,"GO:0006812","GO:BP","monoatomic cation transport",16178,2521,"GO:0006811"
"T0","Astrocytes","15","red",418,TRUE,0.0238558846931726,450,354,23,0.0649717514124294,0.0511111111111111,"GO:0036477","GO:CC","somatodendritic compartment",16860,1720,"GO:0110165"
"T0","Astrocytes","15","red",418,TRUE,0.0258718736586275,1411,354,51,0.144067796610169,0.036144578313253,"GO:0030054","GO:CC","cell junction",16860,868,"GO:0110165"
"T0","Astrocytes","15","red",418,TRUE,0.0265642727569408,2812,344,91,0.26453488372093,0.0323613086770982,"GO:0010646","GO:BP","regulation of cell communication",16178,4342,"GO:0007154, GO:0050794"
"T0","Astrocytes","15","red",418,TRUE,0.0266260832731734,780,253,36,0.142292490118577,0.0461538461538462,"REAC:R-HSA-2262752","REAC","Cellular responses to stress",10842,332,"REAC:R-HSA-8953897"
"T0","Astrocytes","15","red",418,TRUE,0.0266807883038207,827,358,35,0.0977653631284916,0.0423216444981862,"GO:0008092","GO:MF","cytoskeletal protein binding",17314,1544,"GO:0005515"
"T0","Astrocytes","15","red",418,TRUE,0.0266842678974449,36,354,6,0.0169491525423729,0.166666666666667,"GO:0030315","GO:CC","T-tubule",16860,930,"GO:0042383, GO:0110165"
"T0","Astrocytes","15","red",418,TRUE,0.0279987457999709,337,354,19,0.0536723163841808,0.056379821958457,"GO:1902495","GO:CC","transmembrane transporter complex",16860,3636,"GO:0098796, GO:1990351"
"T0","Astrocytes","15","red",418,TRUE,0.0307764743420849,2310,344,78,0.226744186046512,0.0337662337662338,"GO:0051239","GO:BP","regulation of multicellular organismal process",16178,14037,"GO:0032501, GO:0050789"
"T0","Astrocytes","15","red",418,TRUE,0.0324043146235234,148,358,12,0.0335195530726257,0.0810810810810811,"GO:0015399","GO:MF","primary active transmembrane transporter activity",17314,2522,"GO:0022804"
"T0","Astrocytes","15","red",418,TRUE,0.0335840876967951,2924,354,89,0.251412429378531,0.030437756497948,"GO:0031090","GO:CC","organelle membrane",16860,1045,"GO:0016020, GO:0043227"
"T0","Astrocytes","15","red",418,TRUE,0.0350860897801401,672,344,32,0.0930232558139535,0.0476190476190476,"GO:0034220","GO:BP","monoatomic ion transmembrane transport",16178,8793,"GO:0006811, GO:0055085"
"T0","Astrocytes","15","red",418,TRUE,0.0383435590979333,794,253,36,0.142292490118577,0.0453400503778338,"REAC:R-HSA-8953897","REAC","Cellular responses to stimuli",10842,331,"REAC:0000000"
"T0","Astrocytes","15","red",418,TRUE,0.0396120893802641,62,253,8,0.0316205533596838,0.129032258064516,"REAC:R-HSA-9707564","REAC","Cytoprotection by HMOX1",10842,412,"REAC:R-HSA-9711123"
"T0","Astrocytes","15","red",418,TRUE,0.0417157147947856,5250,344,148,0.430232558139535,0.0281904761904762,"GO:0048518","GO:BP","positive regulation of biological process",16178,13226,"GO:0008150, GO:0050789"
"T0","Astrocytes","15","red",418,TRUE,0.043175546398965,118,198,10,0.0505050505050505,0.0847457627118644,"KEGG:04722","KEGG","Neurotrophin signaling pathway",8484,352,"KEGG:00000"
"T0","Astrocytes","15","red",418,TRUE,0.0439790733403442,108,358,10,0.0279329608938547,0.0925925925925926,"GO:0009055","GO:MF","electron transfer activity",17314,2130,"GO:0003674"
"T0","Astrocytes","15","turquoise",367,TRUE,0.00010790302807041,13667,324,295,0.910493827160494,0.0215848393941611,"GO:0005622","GO:CC","intracellular anatomical structure",16860,237,"GO:0110165"
"T0","Astrocytes","15","turquoise",367,TRUE,0.0003760885396793,1802,325,63,0.193846153846154,0.03496115427303,"GO:0019899","GO:MF","enzyme binding",17314,3728,"GO:0005515"
"T0","Astrocytes","15","turquoise",367,TRUE,0.00142995409095081,10755,324,244,0.753086419753086,0.0226871222687122,"GO:0005737","GO:CC","cytoplasm",16860,309,"GO:0005622, GO:0110165"
"T0","Astrocytes","15","turquoise",367,TRUE,0.00169994134534547,12730,324,277,0.854938271604938,0.0217596229379419,"GO:0043226","GO:CC","organelle",16860,1878,"GO:0110165"
"T0","Astrocytes","15","turquoise",367,TRUE,0.00295478042805026,5231,324,137,0.422839506172839,0.026190021028484,"GO:0005829","GO:CC","cytosol",16860,380,"GO:0005737, GO:0110165"
"T0","Astrocytes","15","turquoise",367,TRUE,0.00342227560862755,194,170,14,0.0823529411764706,0.0721649484536082,"KEGG:05167","KEGG","Kaposi sarcoma-associated herpesvirus infection",8484,448,"KEGG:00000"
"T0","Astrocytes","15","turquoise",367,TRUE,0.00434225503386844,11912,324,262,0.808641975308642,0.0219946272666219,"GO:0043229","GO:CC","intracellular organelle",16860,1881,"GO:0005622, GO:0043226"
"T0","Astrocytes","15","turquoise",367,TRUE,0.00475633449018934,2744,311,85,0.273311897106109,0.0309766763848397,"GO:0051641","GO:BP","cellular localization",16178,14309,"GO:0009987, GO:0051179"
"T0","Astrocytes","15","turquoise",367,TRUE,0.00488142543038959,11983,324,263,0.811728395061728,0.0219477593257114,"GO:0043227","GO:CC","membrane-bounded organelle",16860,1879,"GO:0043226"
"T0","Astrocytes","15","turquoise",367,TRUE,0.0148731674358169,1258,311,47,0.15112540192926,0.0373608903020668,"GO:0016192","GO:BP","vesicle-mediated transport",16178,5229,"GO:0006810, GO:0009987"
"T0","Astrocytes","15","turquoise",367,TRUE,0.0156357075113547,121,170,10,0.0588235294117647,0.0826446280991736,"KEGG:04919","KEGG","Thyroid hormone signaling pathway",8484,376,"KEGG:00000"
"T0","Astrocytes","15","turquoise",367,TRUE,0.017969237684258,79,170,8,0.0470588235294118,0.10126582278481,"KEGG:01521","KEGG","EGFR tyrosine kinase inhibitor resistance",8484,195,"KEGG:00000"
"T0","Astrocytes","15","turquoise",367,TRUE,0.0216105127828371,10872,324,241,0.743827160493827,0.0221670345842531,"GO:0043231","GO:CC","intracellular membrane-bounded organelle",16860,1883,"GO:0043227, GO:0043229"
"T0","Astrocytes","15","turquoise",367,TRUE,0.0220800560366736,14633,311,301,0.967845659163987,0.0205699446456639,"GO:0009987","GO:BP","cellular process",16178,3849,"GO:0008150"
"T0","Astrocytes","15","turquoise",367,TRUE,0.0303472119005898,1568,311,54,0.173633440514469,0.0344387755102041,"GO:0051649","GO:BP","establishment of localization in cell",16178,14317,"GO:0051234, GO:0051641"
"T0","Astrocytes","15","turquoise",367,TRUE,0.0326919205658978,14,324,4,0.0123456790123457,0.285714285714286,"GO:0030132","GO:CC","clathrin coat of coated pit",16860,908,"GO:0005905, GO:0030118, GO:0098797"
"T0","Astrocytes","15","turquoise",367,TRUE,0.0338435518964951,109,170,9,0.0529411764705882,0.0825688073394495,"KEGG:04066","KEGG","HIF-1 signaling pathway",8484,257,"KEGG:00000"
"T0","Astrocytes","15","turquoise",367,TRUE,0.0399950996213342,42,324,6,0.0185185185185185,0.142857142857143,"GO:0005905","GO:CC","clathrin-coated pit",16860,438,"GO:0012505, GO:0016020"
"T0","Astrocytes","15","turquoise",367,TRUE,0.0410585510227554,89,170,8,0.0470588235294118,0.0898876404494382,"KEGG:05235","KEGG","PD-L1 expression and PD-1 checkpoint pathway in cancer",8484,480,"KEGG:00000"
"T0","Astrocytes","15","turquoise",367,TRUE,0.0456791929755684,4324,311,116,0.372990353697749,0.0268270120259019,"GO:0051179","GO:BP","localization",16178,14002,"GO:0008150"
"T0","Astrocytes","15","turquoise",367,TRUE,0.0462725582290023,835,324,32,0.0987654320987654,0.0383233532934132,"GO:0005768","GO:CC","endosome",16860,336,"GO:0012505, GO:0031410"
"T0","Astrocytes","15","yellow",338,TRUE,0.00083487290683314,13667,277,252,0.909747292418773,0.0184385746689105,"GO:0005622","GO:CC","intracellular anatomical structure",16860,237,"GO:0110165"
"T0","Astrocytes","15","yellow",338,TRUE,0.00157701645467196,1199,277,41,0.148014440433213,0.0341951626355296,"GO:0140513","GO:CC","nuclear protein-containing complex",16860,3557,"GO:0005634, GO:0032991"
"T0","Astrocytes","15","yellow",338,TRUE,0.00354696631387692,6709,277,145,0.523465703971119,0.021612758980474,"GO:0005634","GO:CC","nucleus",16860,243,"GO:0043231"
"T0","Astrocytes","15","yellow",338,TRUE,0.00467816365406645,4410,277,104,0.375451263537906,0.0235827664399093,"GO:0031981","GO:CC","nuclear lumen",16860,1227,"GO:0005634, GO:0070013"
"T0","Astrocytes","15","yellow",338,TRUE,0.00475192450556451,11983,277,227,0.819494584837545,0.0189435032963365,"GO:0043227","GO:CC","membrane-bounded organelle",16860,1879,"GO:0043226"
"T0","Astrocytes","15","yellow",338,TRUE,0.00616787211495618,4111,277,98,0.353790613718412,0.0238384821211384,"GO:0005654","GO:CC","nucleoplasm",16860,252,"GO:0031981, GO:0110165"
"T0","Astrocytes","15","yellow",338,TRUE,0.00761803736990829,10872,277,210,0.75812274368231,0.0193156732891832,"GO:0043231","GO:CC","intracellular membrane-bounded organelle",16860,1883,"GO:0043227, GO:0043229"
"T0","Astrocytes","15","yellow",338,TRUE,0.00802278150961722,5468,277,122,0.44043321299639,0.0223116313094367,"GO:0070013","GO:CC","intracellular organelle lumen",16860,2399,"GO:0043229, GO:0043233"
"T0","Astrocytes","15","yellow",338,TRUE,0.00802278150961722,5468,277,122,0.44043321299639,0.0223116313094367,"GO:0043233","GO:CC","organelle lumen",16860,1885,"GO:0031974, GO:0043226"
"T0","Astrocytes","15","yellow",338,TRUE,0.00802278150961722,5468,277,122,0.44043321299639,0.0223116313094367,"GO:0031974","GO:CC","membrane-enclosed lumen",16860,1221,"GO:0110165"
"T0","Astrocytes","15","yellow",338,TRUE,0.0114002293441602,180,277,12,0.0433212996389892,0.0666666666666667,"GO:0005681","GO:CC","spliceosomal complex",16860,271,"GO:0140513, GO:1990904"
"T0","Astrocytes","15","yellow",338,TRUE,0.0125301350099612,12730,277,236,0.851985559566787,0.0185388845247447,"GO:0043226","GO:CC","organelle",16860,1878,"GO:0110165"
"T0","Astrocytes","15","yellow",338,TRUE,0.0161048601349542,11912,277,224,0.808664259927798,0.0188045668233714,"GO:0043229","GO:CC","intracellular organelle",16860,1881,"GO:0005622, GO:0043226"
"T0","Astrocytes","15","yellow",338,TRUE,0.0177497614868338,43,277,6,0.0216606498194946,0.13953488372093,"GO:1902562","GO:CC","H4 histone acetyltransferase complex",16860,3650,"GO:0000123"
"T0","Astrocytes","15","yellow",338,TRUE,0.0355747468099952,76,150,7,0.0466666666666667,0.0921052631578947,"KEGG:05220","KEGG","Chronic myeloid leukemia",8484,471,"KEGG:00000"
"T0","Astrocytes","15","yellow",338,TRUE,0.0355747468099952,76,150,7,0.0466666666666667,0.0921052631578947,"KEGG:05212","KEGG","Pancreatic cancer",8484,463,"KEGG:00000"
"T0","Astrocytes","15","yellow",338,TRUE,0.047352066342622,5155,272,119,0.4375,0.0230843840931135,"GO:0006725","GO:BP","cellular aromatic compound metabolic process",16178,2457,"GO:0044237"
